lga,Buddhism,Christianity,Hinduism,Islam,Judaism,Other Religions,Secular Beliefs and Other Spiritual Beliefs and No Religious Affiliation,Inadequately described,Not stated
Albury (C),514,30077,835,240,26,397,14264,229,4496
Armidale Regional (A),312,16949,281,464,10,175,8205,162,2875
Ballina (A),506,23711,94,54,50,205,12872,266,4035
Balranald (A),15,1484,8,5,0,4,474,5,287
Bathurst Regional (A),306,26367,202,180,15,180,9394,204,4453
Bega Valley (A),345,17319,56,26,29,142,11880,145,3309
Bellingen (A),216,5900,27,18,35,97,5109,80,1206
Berrigan (A),18,5465,22,18,0,32,1961,18,924
Blacktown (C),5729,189860,28783,22645,147,12765,51329,1052,24656
Bland (A),23,4304,12,3,0,7,840,16,755
Blayney (A),28,5061,4,11,0,17,1516,20,598
Blue Mountains (C),1020,40133,221,180,156,492,28221,486,5987
Bogan (A),3,2022,7,22,0,5,307,7,322
Botany Bay (C),1806,25121,1004,3017,740,177,10465,170,4147
Bourke (A),6,1736,11,7,0,0,340,4,526
Brewarrina (A),5,922,3,0,0,12,479,9,225
Broken Hill (C),96,9401,45,41,5,50,6286,56,1734
Burwood (A),2490,15627,2771,579,22,182,12131,102,2901
Byron (A),792,9792,74,42,291,334,15024,288,4919
Cabonne (A),69,9735,0,12,3,41,2375,39,1117
Camden (A),877,54230,963,1559,45,385,15025,200,4936
Campbelltown (C) (NSW),4041,89981,7031,12438,63,1794,28583,527,12553
Canada Bay (A),2731,48294,2541,1435,191,430,24737,289,7357
Canterbury-Bankstown (A),21216,162000,6578,71892,174,2145,52514,778,29010
Carrathool (A),13,1897,31,4,4,22,498,7,260
Central Coast (C) (NSW),3181,201778,1155,1032,351,1197,92081,1246,25713
Central Darling (A),0,983,5,0,0,5,415,5,424
Cessnock (C),320,34331,125,69,18,188,14562,186,5757
Clarence Valley (A),363,31118,68,43,14,202,13588,213,5064
Cobar (A),20,3058,18,30,0,5,898,17,604
Coffs Harbour (C),768,39446,226,466,53,1592,23002,361,7034
Coolamon (A),22,3037,4,12,3,9,711,13,512
Coonamble (A),11,2702,7,5,0,8,536,4,652
Cowra (A),62,9000,12,3,3,51,2108,27,1206
Cumberland (A),9287,86136,22024,47290,52,3319,30185,506,17279
Dungog (A),57,5864,9,3,0,25,2166,25,818
Edward River (A),27,5353,21,12,3,19,2376,7,1025
Eurobodalla (A),320,20951,72,42,27,164,11775,178,3707
Fairfield (C),41136,102584,1471,11791,21,1873,25361,735,13837
Federation (A),63,7875,22,17,0,29,3009,36,1218
Forbes (A),29,7030,15,15,0,18,1489,31,963
Georges River (A),7036,75001,6704,5634,212,620,40700,404,10538
Gilgandra (A),10,3130,5,3,0,11,708,3,367
Glen Innes Severn (A),33,5790,29,22,6,54,1687,30,1176
Goulburn Mulwaree (A),223,19428,116,112,10,118,6384,115,3098
Greater Hume Shire (A),38,7174,6,14,3,22,2243,24,827
Griffith (C),121,17250,487,506,5,797,3651,74,2737
Gundagai (A),27,8377,18,4,9,24,1717,28,938
Gunnedah (A),39,8484,10,19,0,35,2488,27,1099
Gwydir (A),15,3836,5,0,3,4,802,5,587
Hawkesbury (C),401,42581,102,211,55,227,15679,228,5111
Hay (A),6,2040,9,4,0,15,487,9,367
Hilltops (A),72,13556,25,270,3,56,2946,53,1510
Hornsby (A),4348,75858,6516,2076,373,1265,41871,489,9864
Hunters Hill (A),228,8573,106,114,310,63,3477,63,1070
Inner West (A),6563,72209,4410,2534,770,904,75098,1158,18387
Inverell (A),68,11287,6,17,8,43,3311,38,1705
Junee (A),17,3790,11,5,4,7,1016,12,1423
Kempsey (A),205,17311,36,33,0,84,7497,144,3587
Kiama (A),179,13046,34,25,22,43,6263,75,1786
Ku-ring-gai (A),3112,61573,2194,857,3164,971,37130,362,8686
Kyogle (A),111,4910,28,8,12,69,2681,45,1075
Lachlan (A),20,4334,22,3,0,4,1039,11,760
Lake Macquarie (C),1590,121701,652,491,84,602,58041,794,13404
Lane Cove (A),975,18105,1112,454,369,269,11742,143,2879
Leeton (A),33,7945,29,71,0,125,1747,18,1195
Lismore (C),564,22476,107,116,25,486,14468,374,4528
Lithgow (C),144,12980,56,51,13,80,4844,95,2820
Liverpool (C),11269,109764,10094,24551,35,6343,23447,545,18281
Liverpool Plains (A),16,5409,7,14,0,14,1374,26,825
Lockhart (A),8,2216,0,0,0,6,544,0,344
Maitland (C),480,51270,357,288,24,308,18861,292,5415
Mid-Coast (A),670,58341,150,104,43,245,22392,249,8107
Mid-Western Regional (A),138,15615,39,15,9,67,5378,75,2735
Moree Plains (A),49,9119,67,21,0,27,2090,22,1756
Mosman (A),403,15265,293,106,236,85,9072,96,2926
Murray River (A),56,7094,19,9,0,63,3274,17,1134
Murrumbidgee (A),8,2596,21,7,0,6,734,11,453
Muswellbrook (A),74,10511,55,43,12,54,3655,73,1608
Nambucca (A),186,11044,27,24,13,120,5692,96,2008
Narrabri (A),50,8929,34,23,0,10,2395,32,1606
Narrandera (A),20,3956,9,13,0,10,1138,11,691
Narromine (A),15,4658,8,9,0,8,1022,15,714
Newcastle (C),1873,85112,1068,1878,88,666,52139,903,11689
North Sydney (A),1857,29084,1555,470,647,331,25748,368,7602
Northern Beaches (A),3706,136570,1654,1093,817,1310,86545,1079,20099
Oberon (A),20,3341,3,14,0,17,1122,12,766
Orange (C),235,27240,272,147,12,186,8890,162,3203
Parkes (A),59,10586,30,30,0,26,2339,44,1495
Parramatta (C),8656,100379,25608,9660,179,4309,56139,648,20573
Penrith (C),2118,125693,3473,4210,81,2103,42026,664,15692
Port Macquarie-Hastings (A),542,50029,202,80,57,244,20469,300,6614
Port Stephens (A),510,43747,105,98,35,203,18258,236,6358
Queanbeyan-Palerang Regional (A),474,31666,680,638,38,613,16346,299,5271
Randwick (C),3844,66091,1383,2320,5054,541,44969,557,15893
Richmond Valley (A),110,14928,25,16,0,84,5365,80,2198
Rockdale (C),4403,55747,5535,10598,179,498,22026,383,10036
Ryde (C),4741,58177,4471,2743,368,925,35574,414,8887
Shellharbour (C),518,44401,142,641,12,223,17371,272,4874
Shoalhaven (C),909,58391,213,177,88,407,29428,353,9671
Singleton (A),132,15426,39,55,10,54,5151,50,2079
Snowy Monaro Regional (A),185,11256,18,68,19,78,6134,148,2324
Snowy Valleys (A),67,9761,24,21,4,51,2733,31,1697
Strathfield (A),2280,16515,6597,1970,40,375,8786,115,3632
Sutherland Shire (A),2362,144686,1215,1533,284,570,53392,797,13633
Sydney (C),14672,60447,2880,2861,1991,931,91610,1292,31700
Tamworth Regional (A),308,41282,230,162,8,216,11751,171,5532
Temora (A),18,4770,9,0,0,13,892,10,403
Tenterfield (A),45,4036,6,5,0,32,1592,17,892
The Hills Shire (A),4572,95866,7063,4045,190,2348,33870,396,8890
Tweed (A),1045,52105,616,108,95,584,27591,468,8776
Upper Hunter Shire (A),71,10069,38,44,9,22,2385,21,1447
Upper Lachlan Shire (A),29,5475,4,19,4,23,1414,13,722
Uralla (A),35,3922,4,11,7,23,1468,26,555
Wagga Wagga (C),358,41817,433,556,19,210,14050,239,4711
Walcha (A),9,2102,0,0,0,10,560,14,391
Walgett (A),18,3692,27,32,0,32,1461,14,832
Warren (A),9,2083,0,0,0,6,321,0,315
Warrumbungle Shire (A),31,6154,15,10,3,25,1953,21,1172
Waverley (A),871,22797,247,256,10074,177,22755,365,9271
Weddin (A),6,2579,10,0,0,10,686,9,367
Wentworth (A),22,3497,4,9,0,59,2272,18,910
Western Plains Regional (A),317,34266,456,244,23,228,8984,150,5414
Willoughby (C),3228,33053,2092,852,737,432,27448,257,6205
Wingecarribee (A),448,29700,313,83,119,175,12709,180,4156
Wollondilly (A),241,33938,54,215,28,103,10503,134,3300
Wollongong (C),2574,120735,1274,4608,112,725,57644,945,15005
Woollahra (A),639,22257,266,202,7052,153,16721,210,6740
Yass Valley (A),80,9761,12,42,15,60,4675,75,1426
Unincorporated NSW,0,581,0,0,0,0,334,0,142
No usual address (NSW),214,4328,124,225,22,94,3537,125,3619
Migratory - Offshore - Shipping (NSW),14,246,0,0,3,0,92,0,57
Alpine (S),83,6284,35,17,6,40,4399,76,1396
Ararat (RC),45,5805,37,50,9,46,3796,40,1774
Ballarat (C),764,52038,614,425,45,532,38037,594,8637
Banyule (C),2120,61623,1655,2717,141,749,42854,665,9352
Bass Coast (S),344,15840,97,45,28,133,12985,155,3187
Baw Baw (S),302,25845,107,83,11,201,17172,236,4521
Bayside (C),1182,48036,578,439,2607,317,35160,378,8391
Benalla (RC),77,7767,46,29,3,44,4394,50,1444
Boroondara (C),5384,76729,4091,1848,1458,892,62225,803,13811
Brimbank (C),20963,100839,5652,11321,50,5425,33047,769,16246
Buloke (S),29,3973,12,0,0,16,1486,27,659
Campaspe (S),175,22192,66,83,6,80,10895,120,3446
Cardinia (S),1408,46691,1135,946,78,1092,34542,520,7718
Casey (C),13639,145516,12512,22200,220,7435,73694,1285,22796
Central Goldfields (S),61,7122,28,18,4,82,4485,44,1153
Colac-Otway (S),114,11148,34,117,12,56,7394,90,2012
Corangamite (S),68,9578,13,17,6,34,4688,45,1614
Darebin (C),4273,62840,4059,6643,217,1687,52351,906,13749
East Gippsland (S),284,22518,98,40,17,180,16644,192,5064
Frankston (C),1646,63072,1386,901,251,818,52996,909,12165
Gannawarra (S),35,6523,22,4,0,28,2952,42,941
Glen Eira (C),2967,49552,5685,946,23658,860,44706,678,11824
Glenelg (S),119,10455,39,37,7,68,6661,90,2083
Golden Plains (S),101,11356,17,41,4,84,8146,105,1828
Greater Bendigo (C),1078,56948,493,460,40,515,40180,560,10204
Greater Dandenong (C),22567,56950,7575,18940,173,6034,26084,599,13132
Greater Geelong (C),2359,123763,1689,2529,103,1340,79598,1228,20821
Greater Shepparton (C),496,33714,505,3522,16,983,17508,267,6822
Hepburn (S),203,6586,42,28,20,129,6381,88,1853
Hindmarsh (S),42,3786,19,11,3,10,1342,21,487
Hobsons Bay (C),2101,43877,1922,4405,78,980,27795,440,7187
Horsham (RC),74,11899,79,77,7,60,5834,90,1514
Hume (C),4839,98333,5524,32490,56,5254,33939,820,16126
Indigo (S),112,8871,16,14,3,44,5353,53,1475
Kingston (C),4385,77262,3364,2207,1469,1619,48223,752,12106
Knox (C),5858,76811,3986,1726,172,1550,52383,830,10781
Latrobe (C),574,37818,257,323,19,274,26189,408,7384
Loddon (S),49,4172,14,6,6,36,2183,31,1012
Macedon Ranges (S),293,23704,67,82,40,137,17309,210,4253
Manningham (C),4669,60699,1732,2588,361,1273,36111,386,8442
Mansfield (S),61,4435,13,14,10,39,3117,43,867
Maribyrnong (C),6829,29174,3101,3576,74,560,30397,507,8075
Maroondah (C),2129,55765,1410,667,87,1090,40616,613,7992
Melbourne (C),9368,33288,5499,5291,475,746,61164,782,19355
Melton (C),3614,76877,3690,5426,53,2922,30096,555,12200
Mildura (RC),536,27957,223,944,18,321,18175,191,5521
Mitchell (S),333,22185,191,367,13,363,13191,199,4079
Moira (S),164,17963,87,187,6,167,7628,77,2834
Monash (C),12391,80290,9575,4246,678,2360,58020,796,14260
Moonee Valley (C),2862,66131,2434,3423,87,700,30684,496,9854
Moorabool (S),204,16985,121,57,13,203,11300,181,2754
Moreland (C),3390,69203,4802,15849,206,1337,52871,988,13917
Mornington Peninsula (S),1210,77831,289,200,194,480,60915,771,13118
Mount Alexander (S),220,6854,45,17,24,128,8626,114,2744
Moyne (S),61,9595,13,9,0,45,5029,76,1677
Murrindindi (S),98,6431,14,8,7,60,5481,62,1557
Nillumbik (S),548,29748,216,273,60,250,25344,300,4547
Northern Grampians (S),69,6349,41,23,3,39,3794,24,1097
Port Phillip (C),1833,34507,1977,1068,3532,468,43442,731,13307
Pyrenees (S),40,3652,8,8,5,35,2315,36,1142
Queenscliffe (B),17,1513,10,4,0,0,982,10,315
South Gippsland (S),161,14155,46,19,10,117,11056,172,2975
Southern Grampians (S),74,9821,35,14,3,46,4561,49,1333
Stonnington (C),2475,42868,2439,1063,4087,467,38848,554,11015
Strathbogie (S),90,5748,19,14,4,33,3294,27,1036
Surf Coast (S),182,13726,56,30,30,90,12619,178,2492
Swan Hill (RC),417,11246,104,328,3,191,5522,50,2728
Towong (S),28,3537,3,10,0,11,1752,21,626
Wangaratta (RC),177,16413,89,60,16,79,8519,100,2858
Warrnambool (C),253,18715,110,86,16,87,10940,154,3300
Wellington (S),308,22717,136,85,16,176,14326,207,5007
West Wimmera (S),15,2455,7,9,0,11,1074,15,319
Whitehorse (C),8043,72624,4373,2132,257,1647,60436,705,11870
Whittlesea (C),6569,106342,8269,14525,56,6379,40154,842,14357
Wodonga (C),311,22369,370,129,14,248,12414,224,3273
Wyndham (C),5893,100083,18641,15903,118,8248,49887,929,17415
Yarra (C),3427,26014,566,1997,488,330,42978,672,10183
Yarra Ranges (S),1493,68535,508,302,166,870,64380,1016,12258
Yarriambiack (S),17,4173,10,11,0,31,1739,30,664
Unincorporated Vic,13,180,0,0,0,6,399,17,255
No usual address (Vic.),152,2130,95,251,11,55,2584,76,2212
Migratory - Offshore - Shipping (Vic.),0,21,0,0,0,0,7,0,3
Aurukun (S),0,807,0,0,0,23,381,5,54
Balonne (S),18,3331,0,4,0,3,613,6,402
Banana (S),118,10283,55,81,0,50,2281,52,1397
Barcaldine (R),6,2052,11,14,0,15,509,3,249
Barcoo (S),0,217,0,0,0,0,32,0,20
Blackall-Tambo (R),4,1515,5,0,4,0,239,3,128
Boulia (S),5,275,0,0,0,0,74,0,73
Brisbane (C),31342,568015,25141,22500,1537,13864,364085,6175,98490
Bulloo (S),0,234,0,0,0,0,78,0,34
Bundaberg (R),766,57606,239,307,48,329,24457,348,8807
Burdekin (S),69,12868,25,16,7,44,2558,33,1448
Burke (S),3,161,0,0,0,3,97,0,71
Cairns (R),2759,80968,1272,563,155,1621,50558,933,18063
Carpentaria (S),5,1074,5,0,0,0,648,3,219
Cassowary Coast (R),244,17148,88,23,8,849,6921,82,3363
Central Highlands (R),178,17536,118,71,0,126,5972,104,3892
Charters Towers (R),46,7603,21,7,6,46,2755,30,1374
Cherbourg (S),0,787,0,0,0,31,366,4,85
Cloncurry (S),21,1804,12,10,0,14,640,7,517
Cook (S),55,1996,16,3,0,60,1272,28,784
Croydon (S),0,152,0,0,0,0,61,0,78
Diamantina (S),8,148,0,0,0,0,90,0,44
Doomadgee (S),0,1102,6,0,0,9,190,0,92
Douglas (S),176,5246,32,13,14,70,4205,80,1877
Etheridge (S),3,502,0,5,0,0,190,0,97
Flinders (S),8,1111,4,0,0,0,266,0,148
Fraser Coast (R),793,60115,301,164,37,429,28687,384,10600
Gladstone (R),625,35377,466,306,28,274,18466,238,5865
Gold Coast (C),8793,296713,4011,4401,1203,3412,179480,2742,54962
Goondiwindi (R),41,7489,10,0,3,49,1783,21,1225
Gympie (R),391,28262,61,52,35,272,14914,238,5335
Hinchinbrook (S),35,8342,16,5,0,37,1487,19,945
Hope Vale (S),0,797,0,0,0,0,47,0,72
Ipswich (C),2496,109370,2084,1193,88,1251,58452,1015,17791
Isaac (R),148,12481,102,67,3,67,4728,77,3268
Kowanyama (S),3,781,0,0,0,9,125,0,31
Livingstone (S),221,22465,39,17,5,119,9090,112,4204
Lockhart River (S),0,568,0,0,0,3,55,0,80
Lockyer Valley (R),313,24099,154,383,10,222,9182,122,4115
Logan (C),5081,165762,2706,8600,184,2939,88974,1550,27578
Longreach (R),23,2578,14,8,0,13,629,13,383
Mackay (R),757,74024,536,308,25,409,27674,400,10835
McKinlay (S),0,550,7,0,0,5,157,4,75
Mapoon (S),0,161,0,0,0,0,135,0,18
Maranoa (R),23,8814,50,17,8,78,2170,34,1471
Mareeba (S),231,11645,45,146,11,143,5665,84,3584
Moreton Bay (R),3796,243162,2861,1039,257,2413,133422,2193,36162
Mornington (S),0,463,0,0,0,117,441,0,117
Mount Isa (C),103,10311,151,70,5,69,5281,74,2607
Murweh (S),55,3134,3,13,0,0,703,8,391
Napranum (S),0,431,0,0,0,0,414,0,111
Noosa (S),748,26118,121,28,52,242,19677,298,4853
North Burnett (R),48,6698,43,19,0,37,2219,27,1392
Northern Peninsula Area (R),0,2282,4,0,0,8,293,14,193
Palm Island (S),0,2163,0,0,0,9,196,0,70
Paroo (S),4,1177,0,0,0,4,295,8,158
Pormpuraaw (S),6,613,0,0,0,7,94,0,35
Quilpie (S),3,584,0,0,0,0,172,0,56
Redland (C),1306,88138,632,412,110,797,44527,683,10416
Richmond (S),0,583,3,0,0,5,131,0,60
Rockhampton (R),677,51480,605,476,19,453,18418,308,7292
Scenic Rim (R),279,24056,62,23,33,238,10954,187,4238
Somerset (R),217,14839,20,40,6,103,6679,71,2611
South Burnett (R),174,20090,43,22,15,166,8226,142,3297
Southern Downs (R),170,23562,85,49,15,162,7938,107,3032
Sunshine Coast (R),3515,160634,1100,597,262,1300,100513,1496,24946
Tablelands (R),192,14125,37,16,10,129,7430,105,2781
Toowoomba (R),1294,108185,1224,1595,56,827,32806,617,14173
Torres (S),15,2366,11,14,0,35,529,13,635
Torres Strait Island (R),3,3487,0,0,9,213,341,32,433
Townsville (C),1583,109023,1017,965,83,878,53939,1039,18231
Weipa (T),47,2189,7,0,0,18,1154,28,451
Western Downs (R),131,22933,123,64,10,144,5820,83,4133
Whitsunday (R),421,18378,85,65,17,93,9693,145,4882
Winton (S),0,769,0,0,5,13,214,5,122
Woorabinda (S),0,690,0,0,0,11,187,0,73
Wujal Wujal (S),0,249,0,0,0,0,19,0,11
Yarrabah (S),0,2251,0,0,0,21,183,0,96
No usual address (Qld),175,5143,61,67,18,77,3904,113,2945
Migratory - Offshore - Shipping (Qld),6,91,0,0,0,0,33,0,27
Adelaide (C),911,6821,453,600,28,127,9910,116,3105
Adelaide Hills (DC),434,17919,39,36,41,166,16704,221,3308
Alexandrina (DC),193,12501,28,25,14,119,10365,128,2498
Anangu Pitjantjatjara (AC),6,1104,0,10,0,131,615,0,407
Barossa (DC),97,13244,32,8,7,70,8038,110,1949
Barunga West (DC),10,1504,0,0,0,11,784,8,229
Berri and Barmera (DC),54,5527,22,28,0,189,3722,53,954
Burnside (C),1173,21538,858,561,116,354,15842,163,3305
Campbelltown (C),1178,29299,1230,776,63,1036,13138,183,3255
Ceduna (DC),18,1710,7,0,0,23,1117,6,523
Charles Sturt (C),3089,61200,1479,2547,52,1314,33023,501,8552
Clare and Gilbert Valleys (DC),34,5201,4,9,0,47,2889,36,795
Cleve (DC),5,1115,4,0,0,3,475,4,164
Coober Pedy (DC),48,794,11,26,0,17,542,14,314
Copper Coast (DC),63,7590,27,12,7,45,4926,32,1449
Elliston (DC),5,663,0,0,0,0,288,4,76
Flinders Ranges (DC),15,890,0,3,0,3,552,4,169
Franklin Harbour (DC),6,739,0,0,0,0,386,6,150
Gawler (T),174,11819,45,36,3,101,8762,118,1981
Goyder (DC),20,2514,5,0,0,15,1110,37,435
Grant (DC),19,4179,0,0,5,17,2829,20,1122
Holdfast Bay (C),316,18039,235,210,54,248,12953,173,3132
Kangaroo Island (DC),41,1924,4,13,3,16,2091,19,586
Karoonda East Murray (DC),0,708,0,0,0,3,277,6,90
Kimba (DC),0,599,5,0,0,6,349,0,95
Kingston (DC),10,1256,0,0,0,12,866,3,200
Light (RegC),91,7894,7,9,3,41,5498,55,1136
Lower Eyre Peninsula (DC),36,2821,0,4,0,3,1885,6,744
Loxton Waikerie (DC),57,6622,20,45,0,115,3616,40,966
Mallala (DC),84,4465,3,11,3,39,3348,34,811
Maralinga Tjarutja (AC),0,17,0,0,0,0,7,0,40
Marion (C),1459,41726,1820,2061,50,1043,33341,489,6632
Mid Murray (DC),64,4350,22,13,3,42,3030,47,1066
Mitcham (C),828,31459,623,888,72,365,25660,305,4601
Mount Barker (DC),294,15921,95,41,33,188,13768,198,2858
Mount Gambier (C),144,13195,65,58,5,106,10477,129,2097
Mount Remarkable (DC),26,1645,5,0,0,12,905,6,264
Murray Bridge (RC),229,10467,62,206,6,134,7534,87,2131
Naracoorte and Lucindale (DC),142,4693,0,321,0,16,2494,31,580
Northern Areas (DC),17,2786,7,3,0,10,1279,20,403
Norwood Payneham St Peters (C),633,17229,817,531,57,364,12638,190,2894
Onkaparinga (C),1419,74974,624,746,85,964,72952,1016,13985
Orroroo/Carrieton (DC),0,573,0,6,0,8,232,5,79
Peterborough (DC),9,886,0,4,0,12,589,9,172
Playford (C),1535,39448,723,1994,25,697,35882,561,8502
Port Adelaide Enfield (C),5510,53781,4413,5863,50,2281,38292,582,10461
Port Augusta (C),64,6318,46,51,0,132,5071,82,2038
Port Lincoln (C),83,7056,41,12,7,38,5363,58,1406
Port Pirie City and Dists (M),66,9921,29,52,0,55,5778,66,1393
Prospect (C),463,10083,787,514,18,320,6657,103,1581
Renmark Paringa (DC),100,4610,14,176,0,271,3302,48,954
Robe (DC),10,664,4,5,0,5,557,0,137
Roxby Downs (M),44,1850,22,18,0,7,1520,15,412
Salisbury (C),6395,64375,4131,6441,46,1901,43819,643,10235
Southern Mallee (DC),14,1169,0,11,0,3,597,20,212
Streaky Bay (DC),9,1194,0,7,0,5,659,8,195
Tatiara (DC),27,3509,25,117,0,12,2191,17,728
Tea Tree Gully (C),1012,51768,1114,1113,52,933,34639,429,6677
The Coorong (DC),11,2995,4,10,0,22,1784,30,528
Tumby Bay (DC),7,1514,0,0,0,6,872,13,200
Unley (C),603,17885,583,440,59,291,14674,168,3018
Victor Harbor (C),124,7803,20,9,4,67,5232,49,1350
Wakefield (DC),30,3909,7,16,0,27,2223,21,569
Walkerville (M),187,3867,144,110,3,89,2515,32,604
Wattle Range (DC),46,5908,7,4,0,28,4596,42,1044
West Torrens (C),1161,28837,1948,1605,50,1281,18246,284,4486
Whyalla (C),131,10694,136,63,0,87,8571,110,2030
Wudinna (DC),9,778,0,0,0,0,344,7,115
Yankalilla (DC),51,2204,13,0,0,29,2306,34,519
Yorke Peninsula (DC),60,6706,12,16,5,52,3234,26,946
Unincorporated SA,18,1558,3,5,0,65,1136,31,707
No usual address (SA),52,923,24,32,3,34,1080,35,686
Migratory - Offshore - Shipping (SA),0,4,0,0,0,0,0,0,0
Albany (C),270,17984,91,72,10,237,14081,207,3628
Armadale (C),1629,38621,2398,1568,42,1389,26659,436,6861
Ashburton (S),230,5502,110,103,8,147,4435,104,2385
Augusta-Margaret River (S),214,5299,29,55,15,66,6946,78,1560
Bassendean (T),332,7437,193,187,11,110,5424,102,1287
Bayswater (C),2408,31541,1633,1869,424,760,20011,315,5706
Belmont (C),1296,17608,962,2742,29,496,11274,220,5058
Beverley (S),12,969,0,3,0,8,502,9,240
Boddington (S),8,851,20,15,0,20,739,21,178
Boyup Brook (S),13,970,0,0,0,8,530,14,170
Bridgetown-Greenbushes (S),57,2283,0,0,4,29,1774,21,489
Brookton (S),3,559,0,0,0,12,263,0,130
Broome (S),246,7412,62,80,10,68,5884,78,2383
Broomehill-Tambellup (S),10,635,0,0,0,0,312,0,181
Bruce Rock (S),0,579,0,0,0,5,258,3,82
Bunbury (C),387,16705,197,203,22,178,10699,141,3377
Busselton (C),406,18521,94,158,14,160,13521,203,3622
Cambridge (T),371,14116,308,127,111,149,9309,87,2194
Canning (C),5276,40584,4147,5193,43,1905,25576,381,7075
Capel (S),132,9025,63,71,12,93,6245,76,1397
Carnamah (S),0,330,0,0,0,0,162,0,53
Carnarvon (S),148,2635,28,7,0,16,1750,27,912
Chapman Valley (S),7,789,0,13,0,0,412,0,196
Chittering (S),44,2877,4,15,8,13,1880,25,612
Claremont (T),113,5147,90,70,45,65,3434,34,1056
Cockburn (C),1875,55463,1432,1158,75,806,34117,504,9045
Collie (S),50,4631,13,11,0,43,3138,28,890
Coolgardie (S),35,1622,6,13,0,14,1336,13,556
Coorow (S),10,567,0,0,0,0,349,3,105
Corrigin (S),4,659,5,0,0,6,329,9,142
Cottesloe (T),69,3919,31,13,20,13,2784,36,715
Cranbrook (S),12,596,0,0,0,8,331,8,142
Cuballing (S),6,434,5,0,0,3,269,0,147
Cue (S),0,73,0,0,0,0,57,0,54
Cunderdin (S),5,866,0,6,0,4,426,4,147
Dalwallinu (S),12,837,0,0,0,3,397,11,161
Dandaragan (S),36,1650,3,5,0,8,1172,9,331
Dardanup (S),108,7524,39,86,0,63,4943,67,1199
Denmark (S),88,2046,11,0,9,54,2838,22,774
Derby-West Kimberley (S),34,4365,20,11,0,219,1772,12,1292
Donnybrook-Balingup (S),58,2976,9,22,13,45,2032,19,690
Dowerin (S),0,392,0,0,0,4,234,0,62
Dumbleyung (S),0,345,0,0,0,0,230,0,92
Dundas (S),9,324,4,6,0,6,261,3,151
East Fremantle (T),75,3621,22,13,14,48,2855,21,700
East Pilbara (S),132,4340,72,57,10,160,3490,71,2262
Esperance (S),81,7347,14,6,5,50,4777,63,1894
Exmouth (S),18,1139,8,0,4,3,1249,20,300
Fremantle (C),461,11831,123,145,82,155,12554,194,3335
Gingin (S),67,2771,3,13,0,16,1739,3,599
Gnowangerup (S),6,696,0,3,0,3,355,0,152
Goomalling (S),0,637,0,0,5,3,285,4,102
Gosnells (C),4520,54575,4410,9083,31,2247,32785,596,9832
Greater Geraldton (C),356,21458,160,538,17,149,11652,202,4116
Halls Creek (S),16,1963,7,3,0,35,470,6,768
Harvey (S),161,14506,60,90,13,89,8940,122,2558
Irwin (S),34,2029,0,4,0,3,1182,16,309
Jerramungup (S),3,478,0,0,0,0,434,0,186
Joondalup (C),1788,86516,1146,1298,180,806,51563,636,10504
Kalamunda (S),715,30550,734,950,41,315,19087,296,4772
Kalgoorlie/Boulder (C),283,14935,319,209,9,150,10205,182,3765
Karratha (C),346,9584,250,160,7,117,7609,136,3269
Katanning (S),73,1936,26,409,0,8,1066,10,627
Kellerberrin (S),3,698,0,0,0,3,355,0,156
Kent (S),0,278,0,0,0,5,175,0,96
Kojonup (S),3,1144,0,0,0,4,569,5,250
Kondinin (S),5,499,0,7,3,4,249,0,108
Koorda (S),0,242,0,0,0,0,134,0,35
Kulin (S),3,461,0,0,0,6,222,6,76
Kwinana (C),519,17961,976,500,16,681,13311,208,4738
Lake Grace (S),0,740,3,0,0,0,360,3,152
Laverton (S),14,535,4,6,0,9,314,22,240
Leonora (S),22,520,4,0,0,18,490,8,352
Mandurah (C),941,44274,380,270,50,435,26992,368,7099
Manjimup (S),70,4605,12,47,5,37,3428,37,1017
Meekatharra (S),10,405,0,0,0,8,348,4,287
Melville (C),2803,52699,1388,1094,104,774,31169,385,7662
Menzies (S),0,235,0,0,0,52,129,3,70
Merredin (S),12,1770,0,6,0,15,1195,16,333
Mingenew (S),5,258,0,0,0,0,142,0,54
Moora (S),4,1458,4,0,0,3,678,4,274
Morawa (S),8,407,8,0,0,4,226,0,84
Mosman Park (T),153,4359,101,52,12,46,3033,39,957
Mount Magnet (S),5,193,0,0,0,3,158,5,127
Mount Marshall (S),0,320,0,0,0,0,151,5,51
Mukinbudin (S),6,349,0,0,0,0,137,0,49
Mundaring (S),363,18240,101,81,30,228,13997,220,4899
Murchison (S),0,69,0,0,0,3,34,0,50
Murray (S),123,9005,21,28,13,52,5674,85,1697
Nannup (S),11,562,0,0,0,7,564,15,167
Narembeen (S),0,485,0,0,0,0,230,6,87
Narrogin (S),37,2927,26,10,0,19,1508,19,608
Nedlands (C),359,11368,273,180,101,109,6894,78,1758
Ngaanyatjarraku (S),3,609,0,4,0,82,119,3,786
Northam (S),65,5909,32,34,3,59,3298,53,1667
Northampton (S),29,1818,0,0,0,10,1075,13,382
Nungarin (S),0,126,0,0,0,0,99,0,26
Peppermint Grove (S),3,938,17,5,21,19,499,3,132
Perenjori (S),4,301,0,0,0,5,228,5,78
Perth (C),991,7185,869,717,103,172,7559,102,4103
Pingelly (S),3,654,0,0,0,0,329,0,155
Plantagenet (S),27,2312,9,97,4,42,1902,30,668
Port Hedland (T),192,6092,125,463,4,101,4910,89,2485
Quairading (S),0,589,0,0,0,0,282,0,146
Ravensthorpe (S),12,875,0,0,0,17,572,9,247
Rockingham (C),1241,62091,577,651,44,703,46931,754,12111
Sandstone (S),0,50,0,0,0,0,25,0,17
Serpentine-Jarrahdale (S),274,12963,322,232,10,400,9980,118,2540
Shark Bay (S),9,463,4,3,0,3,368,6,96
South Perth (C),1294,20282,708,1161,83,342,13744,211,4166
Stirling (C),6532,104537,5360,7123,2760,2516,61337,992,19048
Subiaco (C),487,7929,282,428,81,108,7949,79,2010
Swan (C),3658,66624,2853,4068,261,1823,41513,645,12394
Tammin (S),0,241,0,0,0,3,98,0,59
Three Springs (S),0,318,0,5,0,0,209,0,66
Toodyay (S),55,2226,0,8,0,31,1555,20,541
Trayning (S),0,171,0,0,0,0,106,0,65
Upper Gascoyne (S),0,68,0,0,0,0,143,5,59
Victoria Park (T),1074,14379,1105,1385,22,426,12316,173,4113
Victoria Plains (S),3,503,4,4,0,0,279,0,117
Vincent (C),926,13970,340,368,184,174,13703,178,3859
Wagin (S),18,1027,0,0,0,8,549,12,237
Wandering (S),3,222,5,0,0,0,153,4,59
Wanneroo (C),4983,96219,3404,4640,141,1665,60628,815,15718
Waroona (S),34,2289,0,6,0,28,1239,20,531
West Arthur (S),8,438,0,0,0,4,272,0,81
Westonia (S),3,163,0,0,0,0,88,0,49
Wickepin (S),5,372,0,0,0,0,274,0,67
Williams (S),4,552,0,0,0,0,318,8,104
Wiluna (S),6,352,0,0,0,11,219,3,149
Wongan-Ballidu (S),10,787,0,0,0,7,439,3,85
Woodanilling (S),0,217,0,0,0,0,148,0,38
Wyalkatchem (S),5,244,5,0,0,0,175,0,84
Wyndham-East Kimberley (S),81,3327,25,15,0,62,2563,22,1057
Yalgoo (S),0,152,0,0,0,3,98,8,73
Yilgarn (S),4,675,0,3,0,0,321,4,186
York (S),18,1892,0,3,0,16,1202,13,463
No usual address (WA),89,2028,37,45,17,27,1944,55,1708
Migratory - Offshore - Shipping (WA),17,174,0,7,0,3,144,12,81
Break O'Day (M),69,3098,20,3,0,40,2230,38,603
Brighton (M),39,8221,7,16,0,49,6593,52,1531
Burnie (C),145,9644,62,57,0,65,7215,96,1613
Central Coast (M),98,11413,23,6,7,55,7795,90,1878
Central Highlands (M),4,1240,0,0,0,10,692,3,192
Circular Head (M),24,4408,5,6,3,33,2605,32,818
Clarence (C),335,28223,138,135,23,190,20952,241,4575
Derwent Valley (M),42,5457,12,14,6,36,3484,47,931
Devonport (C),192,12857,66,16,6,86,9133,98,2239
Dorset (M),27,3626,5,4,0,12,2292,23,636
Flinders (M),5,405,0,0,0,8,398,0,84
George Town (M),39,3380,4,6,0,25,2538,19,758
Glamorgan/Spring Bay (M),19,2468,6,3,0,10,1388,22,478
Glenorchy (C),381,23196,667,590,14,354,16463,223,4367
Hobart (C),880,18904,689,688,61,369,23795,335,4710
Huon Valley (M),127,7253,27,29,4,90,6932,99,1632
Kentish (M),36,3013,4,4,0,37,2329,49,655
King Island (M),3,713,0,4,0,3,675,0,178
Kingborough (M),316,16703,106,100,26,133,15417,225,2829
Latrobe (M),58,5969,4,26,6,42,3651,41,915
Launceston (C),732,31752,559,657,43,420,24328,390,6393
Meander Valley (M),102,10948,37,27,3,59,6338,70,1705
Northern Midlands (M),46,7315,0,15,3,24,4041,54,1322
Sorell (M),79,7104,18,14,4,42,5806,58,1289
Southern Midlands (M),18,3494,0,3,0,9,1904,22,588
Tasman (M),13,1037,0,0,4,11,965,13,326
Waratah/Wynyard (M),81,7055,16,12,4,54,4999,71,1293
West Coast (M),16,2262,8,0,0,18,1412,23,404
West Tamar (M),117,12025,64,49,15,94,8264,111,1983
No usual address (Tas.),19,303,3,0,0,5,370,10,202
Migratory - Offshore - Shipping (Tas.),0,31,0,0,0,0,32,0,3
Alice Springs (T),412,11380,345,165,18,355,8170,174,3713
Barkly (R),36,3587,28,16,0,423,1698,12,855
Belyuen (S),0,70,0,0,0,83,9,0,5
Central Desert (R),9,2575,0,4,0,218,524,9,339
Coomalie (S),15,469,0,6,0,33,475,3,311
Darwin (C),2624,35633,2409,1535,67,709,24961,522,10340
East Arnhem (R),18,7226,0,0,0,542,460,10,770
Katherine (T),86,4039,78,37,10,83,3078,64,2244
Litchfield (M),424,9769,39,65,5,77,8232,148,5093
MacDonnell (R),3,3568,3,0,0,80,536,19,1813
Palmerston (C),702,15817,562,416,13,211,12098,237,3742
Roper Gulf (R),18,2507,10,10,0,290,2063,11,1610
Tiwi Islands (R),3,2156,0,0,0,6,135,0,144
Victoria Daly (R),15,1046,0,3,0,633,513,4,584
Wagait (S),7,191,0,0,0,6,195,6,55
West Arnhem (R),35,2788,4,4,0,627,1404,16,1313
West Daly (R),6,2423,0,0,0,20,315,0,397
Unincorporated NT,112,2870,80,41,5,36,2450,41,1270
No usual address (NT),20,965,10,6,0,13,719,22,725
Migratory - Offshore - Shipping (NT),5,25,0,21,0,0,14,4,8
Unincorporated ACT,9908,180121,10208,9864,643,3700,146125,2411,33883
No usual address (ACT),12,174,3,22,0,8,192,8,119
Migratory - Offshore - Shipping (ACT),0,0,0,0,0,0,0,0,0
Unincorp. Other Territories,341,1601,11,763,4,47,959,17,786
No usual address (OT),4,19,0,0,0,0,22,0,6
Migratory - Offshore - Shipping (OT),0,3,0,0,0,0,3,0,0
