Individual Income (weekly) (INCP),lga,Negative income,Nil income,$1-$149,$150-$249,$250-$399,$400-$599,$600-$799,$800-$999,"$1,000-$1,299","$1,300-$1,599","$1,600-$1,999","$2,000 or more",Not stated,Not applicable,
,Not stated,3014,10392,35914,36624,53908,85143,60372,39355,32001,14871,8726,11363,49911,0,
,Albury (C),33,110,1231,1205,2435,4414,3973,2881,2604,1528,617,647,278,0,
,Sydney Undefined,27,73,213,339,568,994,953,793,784,417,285,433,210,0,
,Armidale Dumaresq (A),31,56,600,669,1220,1981,1829,1166,1135,790,351,346,101,0,
,Ashfield (A),18,61,470,484,1011,1780,1514,1042,1150,854,532,604,126,0,
,Auburn (A),69,223,872,1171,2307,6604,7699,6218,6309,3892,2420,2725,516,0,
,Ballina (A),49,94,820,867,1744,3008,2254,1290,1091,726,261,317,180,0,
,Balranald (A),15,17,38,48,126,255,167,83,69,40,17,19,23,0,
,Bankstown (C),94,418,2167,2563,5183,11163,11086,8292,7522,4402,2330,2459,931,0,
,Bathurst Regional (A),51,89,894,907,1673,2859,2486,1827,1852,1227,492,447,164,0,
,Baulkham Hills (A),124,348,3554,2753,4865,8376,7770,6025,6366,4393,2850,3965,736,0,
,Bega Valley (A),59,94,650,855,1635,2596,1935,1045,902,574,191,190,146,0,
,Bellingen (A),16,45,191,316,561,823,486,261,257,152,60,46,50,0,
,Berrigan (A),41,49,146,243,381,743,494,337,228,87,53,72,71,0,
,Blacktown (C),126,563,3493,3379,6678,13861,14086,11099,10836,6282,3185,3132,1237,0,
,Bland (A),61,45,118,206,348,489,356,262,223,136,72,83,70,0,
,Blayney (A),17,16,117,109,264,416,305,224,197,128,51,47,32,0,
,Blue Mountains (C),59,117,1327,1192,2348,3377,2562,1599,1532,1073,398,418,253,0,
,Bogan (A),31,26,56,76,152,240,179,99,115,60,54,43,26,0,
,Bombala (A),9,6,37,70,130,251,192,116,94,58,27,17,19,0,
,Boorowa (A),25,10,43,45,122,213,144,70,63,41,12,28,11,0,
,Botany Bay (C),32,190,806,888,1870,5196,6393,5851,6368,4434,2815,4479,462,0,
,Bourke (A),18,18,42,90,127,242,196,172,132,85,38,34,23,0,
,Brewarrina (A),11,7,32,69,71,119,88,68,70,35,14,20,7,0,
,Broken Hill (C),25,41,330,474,813,1237,912,725,697,597,262,192,121,0,
,Burwood (A),28,111,787,811,1334,2254,2025,1698,1896,1388,876,979,203,0,
,Byron (A),45,80,563,809,1794,2737,1798,1040,855,461,218,275,172,0,
,Cabonne (A),55,62,182,228,481,801,605,364,314,217,129,108,82,0,
,Camden (A),38,116,1012,898,1606,2763,2451,1808,1696,961,377,382,181,0,
,Campbelltown (C),68,259,2404,2120,3833,7543,6638,4823,4571,2861,1208,1119,617,0,
,Canada Bay (A),38,160,988,938,1778,3371,3887,3019,3021,1855,1254,2073,269,0,
,Canterbury (C),51,249,1169,1376,2735,5276,4344,3080,2648,1437,623,763,390,0,
,Carrathool (A),29,12,48,65,145,288,216,145,119,44,17,29,25,0,
,Central Darling (A),20,12,23,96,92,122,122,80,66,34,20,25,21,0,
,Cessnock (C),45,71,795,986,1837,2762,1981,1301,1272,912,354,392,210,0,
,Clarence Valley (A),70,109,925,1109,2207,3691,2505,1538,1349,835,343,269,198,0,
,Cobar (A),16,28,89,113,201,336,252,200,269,269,220,122,39,0,
,Coffs Harbour (C),73,157,1527,1636,3246,5601,4170,2517,2145,1332,508,469,271,0,
,Conargo (A),8,7,15,20,26,69,42,12,13,7,6,5,7,0,
,Coolamon (A),44,29,55,100,205,285,164,99,73,43,30,16,31,0,
,Cooma-Monaro (A),22,30,230,244,473,907,604,417,348,246,123,133,53,0,
,Coonamble (A),23,22,56,154,224,400,255,156,149,70,39,49,40,0,
,Cootamundra (A),24,26,131,165,304,647,485,270,250,126,51,63,40,0,
,Corowa Shire (A),25,28,230,295,509,881,762,501,493,208,66,84,79,0,
,Cowra (A),39,29,272,291,553,1148,832,451,364,216,78,82,109,0,
,Deniliquin (A),30,29,208,234,432,795,676,431,366,211,71,82,79,0,
,Dubbo (C),57,98,786,794,1818,3642,3206,2067,1970,1206,495,441,248,0,
,Dungog (A),18,23,137,194,303,479,311,157,158,120,61,44,41,0,
,Eurobodalla (A),45,83,711,869,1699,2596,1788,1030,848,512,174,176,166,0,
,Fairfield (C),82,455,1822,2277,4456,9607,8709,6129,5835,3174,1451,1399,754,0,
,Forbes (A),42,44,158,248,443,838,628,310,286,184,67,64,67,0,
,Gilgandra (A),21,29,96,127,219,356,240,136,119,74,26,26,25,0,
,Glen Innes Severn (A),22,40,159,235,449,691,509,286,261,161,55,66,59,0,
,Gloucester (A),19,13,109,118,276,368,317,169,134,94,51,43,22,0,
,Gosford (C),140,314,3246,2928,5850,10393,8594,5771,5459,3334,1418,1507,731,0,
,Goulburn Mulwaree (A),46,66,552,548,1172,2161,1621,1301,1313,857,283,238,137,0,
,Greater Taree (C),60,117,770,998,1906,3513,2509,1492,1220,791,240,251,170,0,
,Greater Hume Shire (A),29,53,156,214,442,711,572,356,303,151,73,59,85,0,
,Great Lakes (A),35,70,555,706,1354,2351,1532,850,705,408,200,208,118,0,
,Griffith (C),55,87,533,525,1159,2400,2060,1277,1126,568,243,272,221,0,
,Gundagai (A),9,23,98,102,213,378,237,126,86,67,31,45,34,0,
,Gunnedah (A),48,73,243,274,572,961,754,399,378,204,99,109,80,0,
,Guyra (A),21,21,80,122,188,362,222,114,79,64,33,37,29,0,
,Gwydir (A),48,31,72,118,260,398,234,137,129,65,30,47,60,0,
,Harden (A),19,12,54,57,150,277,205,122,78,82,26,17,25,0,
,Hastings (A),72,153,1331,1478,2965,5326,3930,2358,2134,1301,535,614,295,0,
,Hawkesbury (C),51,159,1255,1206,2247,4054,3384,2794,2749,1505,643,616,330,0,
,Hay (A),17,16,71,72,175,323,209,166,133,59,24,18,26,0,
,Holroyd (C),52,239,1023,1203,2394,5692,6460,4665,4339,2538,1218,1265,499,0,
,Hornsby (A),94,285,3296,2511,4184,7102,6468,4862,4931,3376,1647,2153,498,0,
,Hunter's Hill (A),5,23,177,204,380,642,526,407,515,337,201,266,49,0,
,Hurstville (C),49,169,1306,1118,2180,3850,3361,2373,2156,1373,633,801,298,0,
,Inverell (A),64,62,306,412,773,1425,1116,542,437,246,100,105,108,0,
,Jerilderie (A),3,5,26,29,58,126,103,47,33,22,12,14,19,0,
,Junee (A),13,29,88,104,163,343,286,212,159,94,46,39,30,0,
,Kempsey (A),36,81,492,627,1253,1947,1390,775,773,416,149,123,126,0,
,Kiama (A),16,51,427,366,643,938,649,398,361,243,90,89,63,0,
,Kogarah (A),31,84,620,639,1228,2526,2454,2131,2381,1617,831,1063,200,0,
,Ku-ring-gai (A),66,200,1956,1461,2451,3856,3650,3100,3467,2514,1544,2859,306,0,
,Kyogle (A),34,40,173,290,437,663,354,211,167,106,53,46,34,0,
,Lachlan (A),68,32,119,220,309,621,363,258,222,87,47,54,58,0,
,Lake Macquarie (C),78,270,3363,3058,6020,9714,7917,5252,5031,3127,1422,1474,652,0,
,Lane Cove (A),19,94,405,447,823,1625,2235,1971,2224,1504,1125,2242,150,0,
,Leeton (A),31,34,199,215,526,937,827,577,513,319,123,103,90,0,
,Leichhardt (A),53,146,575,779,1484,2942,2963,2312,2496,1540,962,1345,215,0,
,Lismore (C),50,89,945,1259,2320,4371,3564,2115,1875,1080,478,522,213,0,
,Lithgow (C),34,57,377,463,777,1155,912,704,823,626,435,380,108,0,
,Liverpool (C),119,377,2141,2197,4386,9118,8682,7087,6781,3853,1651,1780,731,0,
,Liverpool Plains (A),37,30,135,192,328,617,417,282,245,136,68,71,48,0,
,Lockhart (A),18,13,51,80,119,219,142,93,75,33,31,18,20,0,
,Maitland (C),35,99,1386,1382,2315,3762,3303,2340,2340,1399,654,616,260,0,
,Manly (A),29,72,541,492,1015,1841,1673,1317,1417,825,499,769,158,0,
,Marrickville (A),66,175,783,1078,2244,4806,4049,3049,2845,1734,920,956,349,0,
,Mid-Western Regional (A),66,78,464,601,1055,1733,1169,712,743,525,300,279,135,0,
,Moree Plains (A),36,74,195,271,535,1202,1034,710,698,361,175,246,144,0,
,Mosman (A),18,56,381,362,692,1113,1044,902,1038,621,368,777,112,0,
,Murray (A),20,34,94,159,310,498,313,223,136,65,39,29,42,0,
,Murrumbidgee (A),28,11,30,58,124,271,215,129,102,30,25,26,27,0,
,Muswellbrook (A),23,57,370,339,699,1167,1001,815,974,724,727,864,124,0,
,Nambucca (A),19,46,269,471,782,1146,776,374,290,194,56,75,67,0,
,Narrabri (A),58,70,261,306,608,1234,903,629,518,331,141,146,128,0,
,Narrandera (A),56,23,100,142,286,458,378,227,163,94,49,34,52,0,
,Narromine (A),33,27,92,177,299,571,341,208,186,89,45,47,47,0,
,Newcastle (C),59,321,3196,3847,8081,13867,13724,10835,11526,7231,3764,3765,913,0,
,North Sydney (A),102,287,1065,1328,2712,5417,7468,7376,8589,6615,5547,12984,571,0,
,Oberon (A),18,25,94,104,206,431,344,280,308,168,58,56,27,0,
,Orange (C),31,74,788,766,1736,3310,2990,2117,2082,1398,658,662,165,0,
,Palerang (A),22,39,160,154,278,425,282,220,205,128,52,82,29,0,
,Parkes (A),40,42,352,432,711,1180,865,585,548,399,162,119,90,0,
,Parramatta (C),157,462,2632,3017,5958,13355,15671,13229,13513,8796,5154,5811,1087,0,
,Penrith (C),134,344,3203,2816,5472,10053,8759,6808,6558,4085,1796,1579,739,0,
,Pittwater (A),54,131,1117,847,1529,2832,2631,2140,2131,1234,625,1073,269,0,
,Port Stephens (A),70,130,1198,1093,2305,3615,3090,2697,3047,1716,782,603,298,0,
,Queanbeyan (C),18,51,524,407,887,1689,1733,1359,1264,807,344,351,136,0,
,Randwick (C),54,247,1229,1424,2798,5192,5406,4784,5656,3744,2126,2526,448,0,
,Richmond Valley (A),34,38,373,435,820,1544,1275,670,512,288,98,85,85,0,
,Rockdale (C),65,190,956,1146,2399,4714,4189,3154,2979,1794,868,1033,350,0,
,Ryde (C),79,296,2140,2069,3713,7149,7789,7259,8274,6006,4737,8220,582,0,
,Shellharbour (C),29,90,1024,935,1763,2678,1920,1198,1260,845,273,232,187,0,
,Shoalhaven (C),88,204,1679,1825,3559,6064,4503,2784,2798,1697,656,637,392,0,
,Singleton (A),26,45,544,543,942,1720,1380,1110,1432,1351,1666,1439,175,0,
,Snowy River (A),23,39,137,210,465,1081,766,433,347,166,96,82,45,0,
,Strathfield (A),31,106,482,587,1231,2983,3247,2720,2493,1533,873,1022,251,0,
,Sutherland Shire (A),149,375,4651,3469,6010,9634,8319,6263,6263,4144,2007,2534,785,0,
,Sydney (C),365,1557,5140,8010,16307,36206,46391,47054,57284,39973,30948,65158,3382,0,
,Tamworth Regional (A),114,150,1129,1227,2517,4937,4133,2532,2261,1332,579,525,286,0,
,Temora (A),30,42,149,162,348,479,392,204,208,115,27,34,25,0,
,Tenterfield (A),25,32,121,198,311,453,318,157,126,89,35,20,52,0,
,Tumbarumba (A),16,22,67,90,169,262,257,158,185,77,44,35,34,0,
,Tumut Shire (A),16,44,212,281,540,972,699,488,489,285,137,120,67,0,
,Tweed (A),64,163,1270,1489,2822,5261,3960,2576,2094,1234,470,522,355,0,
,Upper Hunter Shire (A),40,58,269,304,600,1126,926,449,368,233,97,144,82,0,
,Upper Lachlan (A),61,45,139,187,328,464,320,155,141,80,44,38,29,0,
,Uralla (A),25,23,83,118,192,356,233,110,88,64,17,17,26,0,
,Urana (A),10,3,27,46,73,145,96,58,44,22,13,17,13,0,
,Wagga Wagga (C),85,160,1405,1447,2892,5683,4687,3245,3122,1827,773,742,366,0,
,Wakool (A),36,21,113,134,295,466,330,153,139,58,26,36,46,0,
,Walcha (A),24,25,77,99,213,296,231,128,113,60,32,28,30,0,
,Walgett (A),44,38,81,201,310,532,356,294,229,106,68,66,52,0,
,Warren (A),25,21,38,83,127,258,195,121,119,52,18,25,24,0,
,Warringah (A),106,298,2568,2212,4084,7662,7315,5968,5802,3501,2082,3270,670,0,
,Warrumbungle Shire (A),52,47,192,254,504,794,532,276,204,147,74,81,59,0,
,Waverley (A),37,134,880,1101,2037,3442,3053,2157,2319,1263,743,1245,266,0,
,Weddin (A),42,26,87,113,189,326,209,104,81,69,20,31,31,0,
,Wellington (A),30,31,139,155,335,486,364,222,197,108,53,46,41,0,
,Wentworth (A),43,34,105,157,361,591,480,293,275,148,49,61,42,0,
,Willoughby (C),74,276,1850,1825,3155,6261,7508,6877,7616,5070,3716,6629,581,0,
,Wingecarribee (A),56,104,784,915,1874,3108,2466,1697,1565,1011,434,502,197,0,
,Wollondilly (A),40,104,522,456,978,1600,1293,889,990,680,621,625,168,0,
,Wollongong (C),109,384,3437,3736,7435,12017,10428,8412,8956,6868,3792,3403,988,0,
,Woollahra (A),43,135,515,705,1361,2457,2363,1972,2189,1456,861,1767,244,0,
,Wyong (A),111,234,2267,2419,4489,8084,6428,4072,3745,2233,865,895,521,0,
,Yass Valley (A),38,38,252,269,478,743,547,390,321,186,98,123,66,0,
,Young (A),34,64,235,313,680,1223,901,474,416,200,81,98,69,0,
,Unincorporated NSW,9,14,20,33,86,110,92,49,53,18,21,18,16,0,
,No fixed address,465,919,4298,7151,14945,24110,20857,17148,15590,7040,3363,3246,2220,0,
,NSW Undefined,169,280,1178,1582,2642,4519,3415,2433,1947,1057,605,705,821,0,
,Melbourne Undefined,25,64,283,363,534,819,742,545,498,269,158,202,186,0,
,Alpine (S),36,47,292,326,686,1105,786,516,409,144,75,107,83,0,
,Ararat (RC),27,39,272,244,569,1070,784,507,432,186,67,71,81,0,
,Ballarat (C),65,180,2214,2263,4530,7974,7284,4875,4348,1855,894,968,525,0,
,Banyule (C),44,221,2565,1963,3553,6591,5850,4745,4635,2137,1022,1341,540,0,
,Bass Coast (S),30,66,494,587,1190,1944,1326,821,735,277,150,173,173,0,
,Baw Baw (S),58,122,887,913,1756,2868,2113,1378,1304,542,231,293,261,0,
,Bayside (C),64,158,1634,1436,2451,4090,3636,2965,2923,1587,879,1527,427,0,
,Benalla (RC),21,42,330,348,640,1178,994,640,543,240,111,115,86,0,
,Boroondara (C),94,370,3392,3101,5153,8480,8613,7791,8293,4733,3050,5464,769,0,
,Brimbank (C),80,335,2337,2335,4171,8854,8430,6869,5971,2703,1271,1328,882,0,
,Buloke (S),82,37,179,225,440,627,407,260,191,87,34,34,58,0,
,Campaspe (S),94,122,897,882,1915,3131,2642,1783,1539,643,280,308,264,0,
,Cardinia (S),72,147,1081,1008,1824,2935,2265,1648,1429,565,282,328,264,0,
,Casey (C),93,321,3563,3035,5056,8772,6947,5329,4718,1888,931,1108,753,0,
,Central Goldfields (S),19,33,212,308,536,1007,716,359,290,107,65,47,60,0,
,Colac-Otway (S),34,83,593,538,1114,1958,1680,1049,827,333,152,179,176,0,
,Corangamite (S),59,79,383,408,862,1469,1254,824,786,330,211,399,177,0,
,Darebin (C),54,298,2234,2461,4453,8299,7032,5135,4900,2206,1094,1282,679,0,
,East Gippsland (S),82,116,865,1097,2072,3316,2528,1483,1206,492,214,256,282,0,
,Frankston (C),56,206,2547,2300,4167,6928,5814,4257,3805,1609,727,837,609,0,
,Gannawarra (S),37,54,249,283,615,1075,763,481,382,124,60,92,83,0,
,Glen Eira (C),74,231,1804,1681,3054,5197,4716,3746,3729,1866,1019,1437,461,0,
,Glenelg (S),34,69,473,494,939,1544,1271,896,885,621,326,248,134,0,
,Golden Plains (S),27,29,168,196,354,486,355,250,241,94,37,41,53,0,
,Greater Bendigo (C),75,207,2249,2260,4406,7941,6772,4550,4201,1753,913,899,461,0,
,Greater Dandenong (C),120,471,2322,2865,5655,14680,15190,11643,10076,4650,2464,2839,1241,0,
,Greater Geelong (C),108,402,4545,4577,8623,14361,12668,9477,9268,4542,2356,2543,1186,0,
,Greater Shepparton (C),74,176,1416,1435,2904,5573,4737,3234,2781,1177,566,618,478,0,
,Hepburn (S),32,42,226,349,622,872,542,335,276,117,48,70,66,0,
,Hindmarsh (S),35,27,135,151,310,553,395,223,203,114,52,39,49,0,
,Hobsons Bay (C),42,219,1148,1132,2152,4582,4986,4667,4569,2416,1512,1626,558,0,
,Horsham (RC),25,48,505,513,1030,1829,1645,991,796,357,174,192,131,0,
,Hume (C),88,456,2608,2496,4907,11214,12265,10215,9214,4587,2592,2871,1064,0,
,Indigo (S),15,54,339,318,564,863,799,641,555,226,90,92,83,0,
,Kingston (C),113,397,3460,3304,6014,13202,12921,9596,8465,4019,2289,2647,1079,0,
,Knox (C),92,294,3777,3039,5630,10993,10352,7698,6757,3119,1857,2302,963,0,
,Latrobe (C),39,155,1716,1657,3030,4937,4166,3315,3590,2185,1266,1093,474,0,
,Loddon (S),47,46,176,258,439,730,440,279,203,72,43,29,60,0,
,Macedon Ranges (S),31,95,915,752,1327,2086,1503,1139,990,391,207,237,183,0,
,Manningham (C),48,174,2225,1807,2813,4198,3167,2433,2368,1197,649,991,351,0,
,Mansfield (S),19,37,172,200,395,689,438,241,273,88,60,61,50,0,
,Maribyrnong (C),52,203,1547,1722,2888,5521,5242,4017,3727,1791,953,1123,454,0,
,Maroondah (C),55,188,2760,2239,4086,7158,6562,4905,4375,1949,942,1100,620,0,
,Melbourne (C),201,1203,5862,7904,15065,32321,42272,42722,48400,31788,23668,42771,3091,0,
,Melton (S),43,101,883,869,1415,2337,1960,1426,1309,515,208,244,206,0,
,Mildura (RC),123,160,1077,1185,2497,4477,3799,2252,1957,762,377,401,349,0,
,Mitchell (S),32,82,610,542,1061,1649,1425,1192,1072,408,174,147,173,0,
,Moira (S),106,111,594,654,1332,2255,1776,1121,978,354,135,195,206,0,
,Monash (C),106,424,3716,3640,6623,13486,14591,12753,13418,7759,4780,5825,1188,0,
,Moonee Valley (C),54,200,2132,1953,3267,5783,5166,3978,3735,1691,948,1028,495,0,
,Moorabool (S),31,55,514,438,792,1131,916,644,515,235,82,121,108,0,
,Moreland (C),65,262,1471,1940,3566,6618,5383,3828,3334,1513,711,876,571,0,
,Mornington Peninsula (S),109,303,2665,2534,4878,8339,6018,4267,4173,1966,1024,1121,704,0,
,Mount Alexander (S),35,52,404,381,720,1385,1032,687,521,214,87,89,95,0,
,Moyne (S),47,44,287,326,673,1130,951,716,686,278,124,260,157,0,
,Murrindindi (S),30,47,343,301,550,884,629,400,364,142,61,60,92,0,
,Nillumbik (S),31,103,1242,917,1418,2154,1705,1338,1273,548,312,329,201,0,
,Northern Grampians (S),43,38,307,318,693,1080,905,532,426,177,99,92,101,0,
,Port Phillip (C),91,348,1372,1991,3952,8555,10592,9558,9844,6489,4761,8425,809,0,
,Pyrenees (S),22,27,97,173,260,422,274,175,146,60,24,35,38,0,
,Queenscliffe (B),0,5,94,100,177,259,162,157,154,102,28,31,20,0,
,South Gippsland (S),71,85,636,687,1380,2106,1623,1079,954,407,163,228,204,0,
,Southern Grampians (S),52,60,447,438,879,1667,1413,827,701,326,180,302,111,0,
,Stonnington (C),84,286,2874,2905,4731,7558,6739,5461,5281,2715,1709,3368,677,0,
,Strathbogie (S),31,28,176,240,445,812,500,312,219,102,54,67,69,0,
,Surf Coast (S),30,61,493,444,837,1269,958,642,538,289,151,181,118,0,
,Swan Hill (RC),72,87,500,506,1164,2176,1643,959,746,272,130,146,162,0,
,Towong (S),14,26,131,159,305,456,309,211,159,79,33,39,53,0,
,Wangaratta (RC),46,76,774,731,1420,2716,2144,1265,1130,448,199,236,183,0,
,Warrnambool (C),12,70,919,904,1763,2920,2505,1595,1462,567,221,311,205,0,
,Wellington (S),78,114,943,1005,1843,3047,2441,1687,1587,741,487,577,269,0,
,West Wimmera (S),51,31,95,98,234,419,313,220,168,85,35,41,29,0,
,Whitehorse (C),97,334,3523,3424,5736,10143,9918,8069,8108,4310,2498,3066,809,0,
,Whittlesea (C),51,202,1848,1745,3309,6876,5844,4419,3908,1695,804,856,630,0,
,Wodonga (RC),27,90,750,706,1480,3078,2932,2486,2456,932,467,442,201,0,
,Wyndham (C),62,282,2066,1733,3121,6546,6914,5640,4943,2306,1269,1153,712,0,
,Yarra (C),81,329,1756,2472,4657,9305,10180,8391,8030,4612,2777,4466,716,0,
,Yarra Ranges (S),110,301,3006,2601,4512,7222,5808,4239,3840,1468,688,800,677,0,
,Yarriambiack (S),45,38,194,208,421,662,451,288,222,94,46,58,44,0,
,Unincorporated Vic,6,15,82,140,314,553,416,227,177,108,105,283,45,0,
,No fixed address,312,712,3689,6039,11995,18542,15711,13159,11821,5185,2323,2166,1973,0,
,VIC Undefined,92,178,961,1140,1685,2891,2229,1513,1276,585,336,421,633,0,
,Brisbane Undefined,14,28,197,219,446,790,744,622,604,257,137,145,177,0,
,Aramac (S),15,8,10,20,48,86,63,24,19,10,4,10,11,0,
,Atherton (S),10,30,262,278,629,1154,802,446,405,174,65,88,83,0,
,Aurukun (S),0,0,39,133,55,26,18,13,17,3,3,5,3,0,
,Badu (IC),0,0,0,125,27,63,31,20,13,5,3,4,3,0,
,Balonne (S),30,38,62,136,244,471,400,291,232,89,59,63,45,0,
,Bamaga (IC),0,0,4,29,46,92,75,13,18,16,3,4,3,0,
,Banana (S),65,70,337,365,656,1110,948,682,798,541,720,755,160,0,
,Barcaldine (S),9,10,24,44,92,141,116,87,81,45,16,24,21,0,
,Barcoo (S),9,7,3,10,13,46,39,26,29,21,3,10,3,0,
,Bauhinia (S),21,19,48,50,117,247,177,138,159,85,70,155,48,0,
,Beaudesert (S),58,129,873,896,1835,2800,2119,1458,1342,559,233,279,212,0,
,Belyando (S),26,52,292,213,418,762,503,443,653,602,956,1531,116,0,
,Bendemere (S),13,11,25,24,42,58,62,32,41,26,15,21,10,0,
,Biggenden (S),10,12,27,45,63,131,61,41,30,18,12,13,18,0,
,Blackall (S),12,10,44,47,116,172,103,70,58,16,11,25,17,0,
,Boigu (IC),0,0,0,52,25,15,6,3,3,0,3,0,0,0,
,Boonah (S),34,44,213,221,464,634,413,193,205,102,36,38,37,0,
,Booringa (S),21,12,37,45,120,178,121,61,62,17,15,26,24,0,
,Boulia (S),0,3,5,8,17,72,50,17,23,16,7,13,9,0,
,Bowen (S),26,44,217,259,652,1259,812,534,475,300,393,333,127,0,
,Brisbane (C),684,2680,22462,23002,44697,93311,101452,82746,86100,47488,27479,38086,6305,0,
,Broadsound (S),16,39,179,134,227,347,293,246,381,382,660,857,77,0,
,Bulloo (S),0,7,3,14,30,42,47,47,53,23,33,21,8,0,
,Bundaberg (C),45,124,1112,1234,2549,5033,3922,2440,2090,776,315,438,290,0,
,Bungil (S),38,18,35,46,91,175,128,82,89,47,43,56,33,0,
,Burdekin (S),39,53,313,375,825,1538,1332,885,723,288,135,159,182,0,
,Burke (S),0,0,4,16,35,97,42,37,97,111,183,98,13,0,
,Burnett (S),49,66,193,332,632,1094,648,397,340,131,65,98,90,0,
,Caboolture (S),113,247,2172,2184,4118,7143,5275,3650,3378,1236,555,650,538,0,
,Cairns (C),101,302,2318,2420,5242,11892,11135,7603,7240,3220,1447,1748,801,0,
,Calliope (S),30,41,246,247,413,624,537,497,925,748,411,240,83,0,
,Caloundra (C),84,217,1695,1751,3727,6845,4782,2918,2718,1113,474,689,386,0,
,Cambooya (S),11,4,77,93,142,189,150,78,80,24,16,30,15,0,
,Cardwell (S),19,45,179,188,497,1043,700,442,325,125,51,94,80,0,
,Carpentaria (S),0,4,11,54,83,222,130,102,92,47,23,13,33,0,
,Charters Towers (C),13,22,213,185,389,715,542,386,318,176,86,60,50,0,
,Cherbourg (S),0,0,23,114,53,91,55,43,26,8,6,4,4,0,
,Chinchilla (S),30,40,159,189,338,576,450,257,268,169,197,225,86,0,
,Clifton (S),16,17,59,78,145,182,143,77,67,34,10,10,15,0,
,Cloncurry (S),10,17,41,59,137,281,240,206,362,343,326,211,47,0,
,Cook (S),16,29,88,160,239,437,306,220,318,260,206,156,81,0,
,Cooloola (S),46,114,747,918,1850,3097,2257,1358,1310,531,186,220,213,0,
,Crow's Nest (S),41,28,224,211,398,589,383,276,338,111,44,53,51,0,
,Croydon (S),0,0,3,12,20,30,22,10,3,6,3,4,7,0,
,Dalby (T),12,21,276,266,583,1164,1026,655,544,233,95,115,106,0,
,Dalrymple (S),13,30,44,46,98,198,106,87,138,124,112,68,38,0,
,Dauan (IC),0,0,0,14,13,17,5,7,0,3,0,0,0,0,
,Diamantina (S),0,4,3,5,18,43,31,16,22,7,9,3,7,0,
,Doomadgee (S),0,0,21,91,26,30,25,15,12,8,0,3,0,0,
,Douglas (S),22,49,172,265,639,1310,1105,593,468,206,91,110,103,0,
,Duaringa (S),17,24,158,125,259,454,337,306,532,451,501,577,77,0,
,Eacham (S),20,38,134,146,280,465,273,162,143,58,31,30,50,0,
,Eidsvold (S),4,10,17,33,61,109,60,47,25,15,4,10,28,0,
,Emerald (S),33,65,357,297,654,1174,1017,758,889,526,457,656,143,0,
,Erub (IC),0,0,0,54,31,24,12,8,0,5,3,3,0,0,
,Esk (S),36,55,242,293,512,825,526,302,260,95,45,68,63,0,
,Etheridge (S),6,8,21,33,72,92,58,53,38,18,21,24,21,0,
,Fitzroy (S),18,31,97,112,233,427,292,211,228,129,73,80,54,0,
,Flinders (S),21,13,40,48,108,211,151,111,97,56,23,29,40,0,
,Gatton (S),30,48,351,383,792,1443,1061,611,491,214,88,93,99,0,
,Gayndah (S),4,12,74,80,200,349,212,114,87,36,13,27,25,0,
,Gladstone (C),16,84,763,678,1465,2437,2115,1725,2165,1569,1083,715,232,0,
,Gold Coast (C),420,1310,8803,9090,19628,40599,35038,22667,21082,9342,4666,6745,2403,0,
,Goondiwindi (T),6,12,142,120,325,591,466,285,289,133,54,48,46,0,
,Hammond (IC),0,0,0,21,10,8,4,7,3,0,0,0,0,0,
,Herberton (S),13,22,70,134,217,317,191,123,126,61,41,42,44,0,
,Hervey Bay (C),37,92,772,966,1956,3622,2643,1486,1347,503,199,283,223,0,
,Hinchinbrook (S),15,22,284,286,515,1017,751,510,452,192,60,84,123,0,
,Hope Vale (S),0,3,31,143,61,53,15,15,23,17,15,3,8,0,
,Iama (IC),0,0,0,47,32,32,8,4,3,3,3,0,0,0,
,Ilfracombe (S),0,4,7,5,16,31,20,12,11,3,3,0,0,0,
,Inglewood (S),18,9,63,70,138,274,201,108,74,39,20,14,27,0,
,Injinoo (S),0,0,7,37,13,22,10,0,0,0,0,0,9,0,
,Ipswich (C),66,236,2392,2275,4203,9152,8484,6636,6523,2622,1147,1129,597,0,
,Isis (S),23,23,118,135,295,500,309,182,184,67,24,30,50,0,
,Isisford (S),0,3,8,15,17,29,18,16,10,10,3,0,5,0,
,Jericho (S),10,17,25,31,73,127,84,53,47,9,13,19,13,0,
,Johnstone (S),26,67,376,405,976,1778,1271,830,751,296,147,128,131,0,
,Jondaryan (S),32,61,171,216,517,1163,1375,1069,915,393,185,194,105,0,
,Kilcoy (S),19,20,76,88,152,334,235,152,129,43,13,18,38,0,
,Kilkivan (S),23,31,68,88,136,179,130,63,63,25,11,14,25,0,
,Kingaroy (S),28,47,347,317,716,1381,1062,525,455,184,84,73,90,0,
,Kolan (S),6,14,63,116,215,304,158,82,68,27,16,29,20,0,
,Kowanyama (S),0,0,79,84,96,87,31,16,20,12,8,4,3,0,
,Kubin (IC),0,0,0,45,23,9,12,3,0,4,0,0,0,0,
,Laidley (S),17,27,197,237,447,657,493,233,231,90,22,46,54,0,
,Livingstone (S),21,77,433,451,871,1550,1138,730,683,283,130,162,147,0,
,Lockhart River (S),0,0,7,53,16,36,13,12,10,8,3,0,0,0,
,Logan (C),88,334,3178,2987,5640,11219,9775,6637,6095,2576,1195,1431,732,0,
,Longreach (S),16,15,75,83,200,391,312,222,216,114,53,33,42,0,
,Mabuiag (IC),0,0,0,55,26,12,6,0,3,0,0,0,0,0,
,Mackay (C),79,231,1776,1713,3674,7009,6108,4376,4598,2461,1453,1399,627,0,
,McKinlay (S),11,6,10,14,58,147,118,81,114,138,182,179,23,0,
,Mapoon (S),0,0,14,31,10,10,15,3,0,7,3,3,3,0,
,Mareeba (S),56,73,307,480,875,1439,998,615,627,219,85,141,151,0,
,Maroochy (S),164,395,2976,3258,6791,12280,9775,6281,6214,2607,1204,1650,769,0,
,Maryborough (C),17,56,546,525,1293,2399,2107,1501,1307,480,169,156,166,0,
,Mer (IC),0,0,0,79,25,32,11,4,7,0,0,3,0,0,
,Millmerran (S),27,9,72,70,165,357,275,150,158,81,48,50,30,0,
,Mirani (S),15,30,60,76,184,270,215,142,150,69,51,38,50,0,
,Miriam Vale (S),21,16,70,119,232,316,205,142,112,60,29,33,37,0,
,Monto (S),24,25,51,87,165,231,167,94,68,26,7,25,27,0,
,Mornington (S),0,3,70,138,37,30,21,27,19,3,3,6,0,0,
,Mount Isa (C),13,59,262,288,585,1211,1159,943,1423,1191,1001,651,174,0,
,Mount Morgan (S),0,0,22,42,73,85,64,37,33,17,8,7,3,0,
,Mundubbera (S),16,15,32,71,177,339,197,98,43,28,10,23,29,0,
,Murgon (S),16,15,90,126,214,396,313,178,158,57,9,22,33,0,
,Murilla (S),29,25,63,66,174,251,196,132,101,41,26,32,26,0,
,Murweh (S),14,22,83,141,253,516,440,245,229,86,35,53,43,0,
,Nanango (S),30,35,135,178,277,441,257,211,217,165,219,173,38,0,
,Napranum (S),0,0,24,72,39,42,12,11,3,0,0,0,3,0,
,Nebo (S),8,10,54,37,93,195,166,136,291,372,635,604,59,0,
,New Mapoon (S),0,3,24,24,15,20,11,12,4,0,0,0,0,0,
,Noosa (S),65,173,919,987,2301,4031,2876,1612,1602,676,323,505,209,0,
,Palm Island (S),0,0,7,166,48,88,39,33,24,8,10,0,7,0,
,Paroo (S),23,16,35,87,117,160,113,85,65,27,21,12,21,0,
,Peak Downs (S),23,25,75,58,112,194,166,171,302,346,534,932,47,0,
,Perry (S),4,0,4,12,19,21,19,24,28,16,12,15,5,0,
,Pine Rivers (S),71,242,2781,2097,3805,6996,5676,3746,3663,1568,761,871,466,0,
,Pittsworth (S),23,19,138,136,231,427,302,169,160,58,31,41,32,0,
,Pormpuraaw (S),0,0,18,69,59,43,22,17,11,4,3,0,3,0,
,Poruma (IC),0,0,0,28,12,20,9,5,3,3,0,0,0,0,
,Quilpie (S),15,11,11,34,70,110,85,87,75,47,31,31,16,0,
,Redcliffe (C),44,91,936,919,1671,3295,2570,1629,1580,594,291,327,170,0,
,Redland (S),79,244,2660,2109,3843,6920,5409,3697,3575,1534,712,878,452,0,
,Richmond (S),3,10,9,35,44,111,68,62,34,12,13,5,8,0,
,Rockhampton (C),37,129,1567,1488,3145,6072,5420,3996,4024,1794,799,820,409,0,
,Roma (T),10,23,162,175,360,721,727,488,407,187,87,99,63,0,
,Rosalie (S),26,32,117,156,236,388,240,149,135,72,74,57,35,0,
,Saibai (IC),0,3,3,58,16,23,9,3,3,5,0,0,7,0,
,St Pauls (IC),0,0,0,42,23,22,9,0,3,0,0,0,0,0,
,Sarina (S),14,37,146,184,334,468,350,346,455,375,297,265,59,0,
,Seisia (IC),0,0,3,26,9,26,22,6,4,5,0,0,0,0,
,Stanthorpe (S),18,44,253,319,658,1154,665,358,268,102,52,50,75,0,
,Tambo (S),5,0,6,17,48,73,59,36,20,10,8,8,12,0,
,Tara (S),34,33,76,103,204,288,225,100,91,35,21,35,40,0,
,Taroom (S),34,37,60,78,155,310,179,125,79,40,21,46,48,0,
,Thuringowa (C),25,74,855,635,1136,1948,1494,1163,1373,743,481,576,136,0,
,Tiaro (S),6,12,48,82,127,175,147,57,54,16,5,14,18,0,
,Toowoomba (C),56,186,2441,2514,4967,9477,8418,5591,5370,2352,999,1214,523,0,
,Torres (S),0,9,32,122,176,241,236,164,192,86,44,22,23,0,
,Townsville (C),72,218,2417,2381,4765,9979,10148,8426,8509,3817,1872,1821,733,0,
,Ugar (IC),0,0,0,12,3,15,0,0,3,0,0,0,0,0,
,Umagico (S),0,0,8,24,11,12,7,0,0,0,0,0,0,0,
,Waggamba (S),15,19,34,59,90,210,156,108,92,36,14,30,27,0,
,Wambo (S),69,39,77,129,193,301,238,137,102,54,41,49,44,0,
,Warraber (IC),0,0,0,59,23,14,14,0,0,3,0,0,0,0,
,Warroo (S),23,20,29,39,72,124,91,48,52,13,7,15,17,0,
,Warwick (S),66,88,536,561,1108,2135,1565,878,753,298,127,131,135,0,
,Weipa (T),0,3,20,10,48,72,62,68,96,70,39,45,7,0,
,Whitsunday (S),16,93,294,329,873,2107,1753,1045,820,294,161,179,157,0,
,Winton (S),13,15,25,31,70,149,115,90,60,25,15,30,25,0,
,Wondai (S),22,17,60,110,181,242,159,97,68,18,14,22,17,0,
,Woocoo (S),9,7,24,41,48,110,85,49,28,17,9,9,15,0,
,Woorabinda (S),0,0,59,51,28,35,22,20,7,6,3,3,13,0,
,Wujal Wujal (S),0,0,0,59,15,36,23,9,5,0,0,0,0,0,
,Yarrabah (S),0,0,5,489,107,138,94,35,35,9,3,5,6,0,
,Yorke (IC),0,0,0,68,35,30,12,4,8,4,0,0,0,0,
,Unincorporated Qld,5,3,4,5,19,38,34,32,19,25,20,33,5,0,
,No fixed address,340,603,2763,4507,9577,16016,14263,12458,11970,5711,2946,2613,1615,0,
,QLD Undefined,90,252,1229,1417,2505,4636,3456,2315,2184,1192,797,821,825,0,
,Adelaide (C),68,370,2488,3534,7139,14452,17365,15592,15452,9224,4904,7073,884,0,
,Adelaide Undefined,0,3,32,42,73,90,92,77,65,28,26,24,18,0,
,Adelaide Hills (DC),27,69,623,633,1200,1868,1345,1039,924,380,179,239,108,0,
,Alexandrina (DC),39,54,332,447,809,1446,969,583,447,164,82,131,97,0,
,Anangu Pitjantjatjara (AC),0,4,43,343,107,62,55,25,69,39,25,3,17,0,
,Barossa (DC),29,54,470,495,1040,1987,1901,1386,1061,440,182,250,120,0,
,Barunga West (DC),17,12,51,50,111,148,104,64,62,43,9,21,17,0,
,Berri and Barmera (DC),21,29,183,291,625,1139,1027,715,535,213,78,97,75,0,
,Burnside (C),20,70,722,745,1471,2372,2342,1791,1939,1061,635,990,127,0,
,Campbelltown (C),15,39,566,596,1097,1762,1467,906,906,377,175,176,120,0,
,Ceduna (DC),6,13,63,122,204,391,259,171,140,71,22,11,33,0,
,Charles Sturt (C),46,200,1860,1921,3826,8233,7790,5010,4522,1976,861,1066,513,0,
,Clare and Gilbert Valleys (DC),24,26,204,245,472,866,746,425,347,155,71,77,64,0,
,Cleve (DC),30,17,52,54,124,215,166,109,69,30,9,19,19,0,
,Coober Pedy (DC),3,3,23,66,93,131,121,70,57,32,14,15,14,0,
,Copper Coast (DC),10,23,211,251,571,884,580,323,365,145,49,61,63,0,
,Elliston (DC),17,10,34,41,72,152,70,46,30,22,15,18,13,0,
,Flinders Ranges (DC),7,12,26,42,67,120,95,37,46,22,12,11,3,0,
,Franklin Harbour (DC),9,15,27,31,88,124,79,45,36,15,3,14,3,0,
,Gawler (T),13,35,469,452,729,1140,875,564,536,243,88,118,66,0,
,Goyder (DC),24,20,97,123,248,341,250,158,92,51,24,22,37,0,
,Grant (DC),26,17,76,108,178,347,394,290,218,101,43,82,29,0,
,Holdfast Bay (C),16,67,811,790,1565,2419,1862,1169,1025,397,209,289,136,0,
,Kangaroo Island (DC),36,30,105,130,289,488,330,210,142,60,26,19,28,0,
,Karoonda East Murray (DC),16,10,29,66,94,112,79,35,39,17,0,10,7,0,
,Kimba (DC),22,6,30,46,63,132,96,69,44,18,13,11,18,0,
,Kingston (DC),9,3,52,68,127,201,134,84,81,30,13,33,10,0,
,Le Hunte (DC),20,15,45,44,103,133,125,80,47,22,13,16,16,0,
,Light (RegC),26,46,156,232,406,808,763,554,472,219,106,100,54,0,
,Lower Eyre Peninsula (DC),27,18,69,88,188,291,263,166,152,64,31,46,23,0,
,Loxton Waikerie (DC),47,51,244,345,704,1282,877,494,348,152,56,98,68,0,
,Mallala (DC),4,13,55,103,190,265,181,126,101,37,14,17,33,0,
,Maralinga Tjarutja (AC),0,0,0,0,8,3,5,0,3,0,0,0,0,0,
,Marion (C),38,105,1638,1407,2659,4171,3963,2931,2555,1037,410,412,254,0,
,Mid Murray (DC),25,44,137,225,346,519,428,218,188,48,15,32,38,0,
,Mitcham (C),23,116,1316,1308,2441,4338,4230,3269,3250,1620,696,868,240,0,
,Mount Barker (DC),29,68,603,648,1149,1841,1354,825,732,323,139,171,106,0,
,Mount Gambier (C),28,53,628,720,1385,2542,2258,1581,1379,525,209,203,200,0,
,Mount Remarkable (DC),24,14,65,52,140,174,132,85,55,24,17,13,17,0,
,Murray Bridge (RC),33,42,388,472,866,1832,1509,944,747,267,87,92,141,0,
,Naracoorte and Lucindale (DC),31,32,158,225,463,892,800,456,340,149,72,83,71,0,
,Northern Areas (DC),33,23,101,133,241,380,269,165,116,59,40,35,33,0,
,Norwood Payneham St Peters (C),28,95,1108,1244,2267,3893,3728,2640,2649,1335,661,1042,234,0,
,Onkaparinga (C),82,201,2433,2295,4244,7147,6113,3841,3494,1405,567,658,495,0,
,Orroroo/Carrieton (DC),6,6,31,34,68,88,69,24,16,12,3,4,12,0,
,Peterborough (DC),9,8,27,53,74,107,60,36,41,18,5,3,3,0,
,Playford (C),53,132,1040,1157,2227,3851,3736,3303,3094,1062,561,450,332,0,
,Port Adelaide Enfield (C),60,253,1511,1837,4077,10007,11407,8268,7275,3570,1621,1502,729,0,
,Port Augusta (C),11,28,269,324,611,1067,916,816,724,323,144,95,88,0,
,Port Lincoln (C),13,38,279,325,736,1339,1090,736,709,302,112,151,73,0,
,Port Pirie City and Dists (M),31,43,294,396,821,1223,946,631,865,347,123,110,85,0,
,Prospect (C),5,44,306,288,555,994,912,548,552,288,120,120,53,0,
,Renmark Paringa (DC),20,33,165,199,486,1132,688,322,261,123,42,81,62,0,
,Robe (DC),6,4,30,57,107,114,88,56,53,16,9,9,13,0,
,Roxby Downs (M),0,10,57,43,101,169,123,116,125,101,71,85,12,0,
,Salisbury (C),45,174,1483,1671,3300,7106,7011,5296,5530,2712,1508,1395,523,0,
,Southern Mallee (DC),42,9,50,79,156,277,194,109,83,31,16,17,11,0,
,Streaky Bay (DC),18,14,59,64,132,230,123,68,60,26,13,10,11,0,
,Tatiara (DC),53,40,141,234,428,879,758,383,314,110,57,67,65,0,
,Tea Tree Gully (C),26,101,1859,1482,2461,3735,3038,1880,1909,734,290,367,267,0,
,The Coorong (DC),47,26,165,182,338,541,349,209,160,68,31,34,31,0,
,Tumby Bay (DC),30,17,44,60,126,181,132,78,73,21,13,18,7,0,
,Unley (C),21,88,790,971,1886,3304,3044,2180,2130,1190,659,1059,208,0,
,Victor Harbor (C),11,32,239,268,565,969,687,337,323,125,48,57,49,0,
,Wakefield (DC),29,17,102,141,265,554,426,256,233,77,26,46,40,0,
,Walkerville (M),0,13,87,117,217,430,483,454,498,258,104,139,35,0,
,Wattle Range (DC),23,46,224,318,603,1059,851,622,593,416,175,177,94,0,
,West Torrens (C),44,142,1199,1499,3078,7127,7918,5980,5563,2598,1322,1343,436,0,
,Whyalla (C),9,44,385,443,854,1286,1142,981,1180,699,344,280,105,0,
,Yankalilla (DC),12,20,80,104,221,301,226,115,99,46,14,30,22,0,
,Yorke Peninsula (DC),50,41,213,272,554,836,592,363,333,171,53,64,85,0,
,Unincorporated SA,16,25,81,147,216,337,379,509,903,826,875,676,81,0,
,No fixed address,101,193,1169,2064,4008,6257,4916,3969,3285,1369,595,603,465,0,
,SA Undefined,45,60,321,490,750,1154,819,613,431,201,103,152,184,0,
,Albany (C),52,74,640,794,1649,2620,2236,1387,1396,574,290,336,199,0,
,Perth Undefined,4,19,72,103,173,240,236,206,218,113,111,133,66,0,
,Armadale (C),23,65,956,760,1444,2187,1770,1214,1361,476,240,271,165,0,
,Ashburton (S),6,29,67,137,169,288,284,310,451,552,1110,1418,79,0,
,Augusta-Margaret River (S),32,50,252,271,663,1062,791,503,409,188,79,133,77,0,
,Bassendean (T),9,29,212,229,506,921,980,765,715,392,187,209,80,0,
,Bayswater (C),30,121,1297,1221,2248,3609,3314,2031,1956,833,400,527,228,0,
,Belmont (C),30,115,734,926,1880,4526,5391,4434,4603,2224,1237,1494,349,0,
,Beverley (S),12,11,44,57,93,123,120,52,50,32,12,21,17,0,
,Boddington (S),3,3,34,37,52,87,66,72,100,83,69,39,11,0,
,Boyup Brook (S),14,14,32,66,88,147,103,69,61,31,12,29,23,0,
,Bridgetown-Greenbushes (S),8,19,100,103,219,338,225,158,165,81,43,36,26,0,
,Brookton (S),6,3,17,42,54,129,81,50,32,19,3,11,13,0,
,Broome (S),11,38,201,427,465,980,998,754,783,421,191,219,87,0,
,Broomehill (S),11,4,3,9,22,27,26,28,12,6,3,8,4,0,
,Bruce Rock (S),14,4,10,20,45,83,74,56,41,24,12,10,5,0,
,Bunbury (C),19,99,966,1066,2155,3626,3191,2532,2533,1297,581,652,265,0,
,Busselton (S),44,75,608,562,1251,2102,1748,1148,963,421,212,298,156,0,
,Cambridge (T),16,58,566,547,949,1691,1550,1139,1118,578,316,597,97,0,
,Canning (C),63,256,2396,2216,4118,8406,8929,6812,6578,3262,1709,1955,625,0,
,Capel (S),8,23,116,96,229,359,284,256,309,194,98,98,27,0,
,Carnamah (S),3,8,11,27,42,81,80,58,115,91,55,30,10,0,
,Carnarvon (S),24,26,60,157,264,578,411,280,252,138,88,70,77,0,
,Chapman Valley (S),4,3,15,10,26,69,39,34,25,18,9,10,8,0,
,Chittering (S),10,12,66,54,128,178,145,116,129,95,49,49,20,0,
,Claremont (T),9,36,377,388,624,917,763,541,541,344,209,318,64,0,
,Cockburn (C),25,114,1047,1058,2010,3604,3605,3217,3259,1646,966,854,351,0,
,Collie (S),4,13,180,198,334,497,400,355,615,681,719,416,72,0,
,Coolgardie (S),3,13,38,66,91,159,99,121,274,240,247,292,25,0,
,Coorow (S),8,14,20,27,42,70,50,44,27,26,9,3,9,0,
,Corrigin (S),13,9,8,35,69,109,95,67,44,23,11,22,9,0,
,Cottesloe (T),7,22,152,173,213,334,285,217,235,104,63,150,31,0,
,Cranbrook (S),3,12,11,40,65,125,121,74,60,27,11,12,28,0,
,Cuballing (S),3,5,7,16,31,41,57,29,20,6,9,0,3,0,
,Cue (S),3,0,4,11,9,18,17,12,13,14,14,10,3,0,
,Cunderdin (S),4,9,26,29,73,134,98,65,58,19,12,17,4,0,
,Dalwallinu (S),22,12,25,37,84,141,129,94,74,23,19,13,29,0,
,Dandaragan (S),34,20,57,74,127,266,172,135,168,100,72,62,31,0,
,Dardanup (S),4,9,116,116,236,402,319,276,337,146,51,49,34,0,
,Denmark (S),12,24,101,169,263,369,219,135,107,47,24,28,26,0,
,Derby-West Kimberley (S),6,16,47,851,248,323,365,329,402,219,158,148,48,0,
,Donnybrook-Balingup (S),24,29,100,128,228,353,247,144,103,57,32,36,28,0,
,Dowerin (S),4,7,8,31,51,82,63,30,20,18,10,9,8,0,
,Dumbleyung (S),9,11,21,22,52,64,47,33,34,21,5,10,6,0,
,Dundas (S),3,3,13,20,35,71,78,61,103,85,93,114,12,0,
,East Fremantle (T),0,14,118,131,222,309,245,189,243,147,64,75,25,0,
,East Pilbara (S),3,24,82,292,118,253,258,348,550,646,985,1176,81,0,
,Esperance (S),33,57,265,321,739,1090,850,628,651,299,169,177,109,0,
,Exmouth (S),4,7,37,37,127,213,151,120,143,90,44,53,15,0,
,Fremantle (C),32,154,1098,1222,2340,4086,3971,3264,3454,1822,943,1140,315,0,
,Geraldton (C),10,64,511,590,1226,2023,1727,1292,1291,599,294,301,147,0,
,Gingin (S),14,26,60,94,207,304,234,159,157,75,36,45,25,0,
,Gnowangerup (S),19,17,29,61,88,128,129,91,78,30,12,14,14,0,
,Goomalling (S),3,3,13,24,38,91,63,40,32,17,10,6,13,0,
,Gosnells (C),19,153,1181,1159,2218,3489,3076,2357,2450,1015,439,474,306,0,
,Greenough (S),14,28,86,107,215,405,333,296,400,219,102,69,43,0,
,Halls Creek (S),0,18,24,346,127,101,97,81,100,61,51,44,16,0,
,Harvey (S),22,48,282,272,501,905,682,564,708,376,140,154,75,0,
,Irwin (S),5,13,53,64,119,172,149,115,117,71,33,48,10,0,
,Jerramungup (S),18,17,27,37,76,115,83,70,52,25,10,17,16,0,
,Joondalup (C),57,249,3601,2602,4188,5945,4845,3435,3845,1733,773,1089,418,0,
,Kalamunda (S),22,85,751,682,1211,2080,1786,1497,1546,663,336,379,168,0,
,Kalgoorlie/Boulder (C),20,84,476,474,971,1754,1650,1470,1873,1363,1142,986,224,0,
,Katanning (S),11,12,74,94,193,405,351,272,201,65,34,29,24,0,
,Kellerberrin (S),10,3,23,32,63,99,69,34,33,11,3,15,8,0,
,Kent (S),11,15,16,19,31,41,46,24,32,13,0,12,4,0,
,Kojonup (S),7,11,41,69,148,241,176,136,84,41,25,29,18,0,
,Kondinin (S),24,6,32,40,68,123,111,69,51,28,30,33,17,0,
,Koorda (S),12,9,10,11,12,28,18,28,24,6,3,5,0,0,
,Kulin (S),15,4,13,30,63,82,60,55,49,13,8,9,10,0,
,Kwinana (T),19,47,213,297,582,1073,1193,1318,2056,1767,1284,1134,191,0,
,Lake Grace (S),44,20,26,39,92,170,156,98,88,51,13,26,23,0,
,Laverton (S),0,3,11,47,26,39,47,68,160,232,224,137,19,0,
,Leonora (S),6,17,20,19,42,97,98,179,447,609,603,545,17,0,
,Mandurah (C),26,150,1174,1135,2221,3205,2412,1526,1535,621,337,464,229,0,
,Manjimup (S),23,42,239,257,547,994,742,425,373,154,53,68,75,0,
,Meekatharra (S),0,10,17,31,40,65,79,81,148,177,130,112,23,0,
,Melville (C),51,213,2439,2104,3361,5080,4420,3051,3179,1735,1027,1565,361,0,
,Menzies (S),0,4,0,11,10,9,12,7,10,5,5,3,0,0,
,Merredin (S),12,19,68,65,174,307,289,213,197,95,50,37,30,0,
,Mingenew (S),11,4,6,13,19,36,39,29,31,16,11,6,9,0,
,Moora (S),8,20,53,65,168,232,220,149,152,61,28,25,22,0,
,Morawa (S),11,9,20,28,43,55,59,62,39,19,7,9,10,0,
,Mosman Park (T),3,10,140,139,229,374,235,170,217,111,58,104,33,0,
,Mount Magnet (S),0,0,0,9,19,36,39,37,50,54,58,34,5,0,
,Mount Marshall (S),15,5,16,14,41,61,60,26,26,10,3,0,7,0,
,Mukinbudin (S),8,0,7,30,45,55,54,38,21,16,9,11,7,0,
,Mullewa (S),12,12,15,21,39,78,77,42,69,34,45,26,17,0,
,Mundaring (S),19,69,566,482,911,1259,1141,926,876,359,181,233,133,0,
,Murchison (S),0,3,0,9,10,11,7,12,16,12,5,9,4,0,
,Murray (S),15,21,160,175,337,512,435,394,661,820,536,327,99,0,
,Nannup (S),7,5,31,32,66,113,79,44,42,9,3,16,11,0,
,Narembeen (S),24,8,15,24,52,86,57,60,35,16,3,18,14,0,
,Narrogin (T),5,17,111,121,259,477,416,260,262,114,40,50,39,0,
,Narrogin (S),0,3,7,8,9,44,46,21,19,4,3,5,8,0,
,Nedlands (C),13,62,521,651,1186,2265,2798,2377,2787,1405,765,1143,150,0,
,Ngaanyatjarraku (S),0,0,156,184,41,31,31,41,40,13,13,6,17,0,
,Northam (T),10,13,158,184,382,628,536,390,400,236,103,64,43,0,
,Northam (S),5,15,28,59,78,99,98,49,61,23,12,17,17,0,
,Northampton (S),31,13,82,102,179,242,177,124,102,51,24,37,38,0,
,Nungarin (S),0,0,3,4,18,13,14,11,5,3,3,3,0,0,
,Peppermint Grove (S),0,0,39,26,56,86,78,75,76,59,17,40,4,0,
,Perenjori (S),17,6,7,18,35,46,25,17,25,18,0,11,3,0,
,Perth (C),77,366,2073,2832,5793,11711,15864,15936,17478,11193,8182,17289,895,0,
,Pingelly (S),8,6,22,29,56,96,60,37,36,8,9,9,13,0,
,Plantagenet (S),30,26,98,126,246,459,439,265,221,53,42,57,39,0,
,Port Hedland (T),4,40,123,174,251,518,563,546,694,611,648,972,71,0,
,Quairading (S),5,5,21,30,45,79,72,44,49,15,13,16,12,0,
,Ravensthorpe (S),14,34,33,64,88,171,132,135,192,208,296,457,33,0,
,Rockingham (C),37,124,1398,1248,2243,3417,2732,2284,2724,1416,708,625,259,0,
,Roebourne (S),18,56,268,237,464,791,751,788,1111,1069,1188,1730,141,0,
,Sandstone (S),0,0,0,3,3,11,10,9,19,18,6,3,0,0,
,Serpentine-Jarrahdale (S),9,34,154,159,354,553,405,292,335,129,61,95,62,0,
,Shark Bay (S),3,4,14,21,48,86,85,45,40,22,12,12,14,0,
,South Perth (C),16,69,611,624,1090,1756,1640,1290,1465,848,490,858,108,0,
,Stirling (C),80,359,3365,3558,6716,11096,10564,7845,7782,4068,2168,2731,800,0,
,Subiaco (C),21,87,1056,1082,1764,2686,3003,2675,2854,1716,1044,1776,204,0,
,Swan (C),75,221,1863,1991,3670,6861,6730,5378,5344,2566,1223,1301,579,0,
,Tambellup (S),9,14,8,16,34,35,30,19,18,16,5,10,3,0,
,Tammin (S),4,3,5,15,33,42,35,27,10,4,3,3,3,0,
,Three Springs (S),12,4,16,7,25,67,66,41,38,18,9,4,6,0,
,Toodyay (S),3,12,62,64,109,163,111,72,63,33,15,21,11,0,
,Trayning (S),6,0,7,0,9,28,50,21,19,9,0,11,0,0,
,Upper Gascoyne (S),0,4,7,47,9,14,12,12,14,3,3,4,5,0,
,Victoria Park (T),12,92,712,917,1822,3500,3364,2833,2727,1500,889,1075,224,0,
,Victoria Plains (S),3,5,7,18,62,85,76,52,44,17,6,26,15,0,
,Vincent (T),18,87,618,743,1413,2355,2333,1908,1928,1293,854,1022,162,0,
,Wagin (S),14,9,21,44,94,131,125,100,69,27,15,21,20,0,
,Wandering (S),4,4,6,11,20,26,31,19,15,3,4,3,10,0,
,Wanneroo (C),52,214,1505,1443,2730,4798,4110,2878,2850,1258,644,641,388,0,
,Waroona (S),3,9,60,76,135,199,144,173,323,387,259,136,28,0,
,West Arthur (S),10,12,24,30,56,76,62,33,39,18,6,25,14,0,
,Westonia (S),0,0,3,3,12,17,13,14,13,6,3,7,0,0,
,Wickepin (S),17,9,14,27,46,68,67,40,24,3,3,3,15,0,
,Williams (S),6,7,19,20,55,102,85,56,47,16,7,15,9,0,
,Wiluna (S),0,7,3,40,19,33,48,97,244,277,324,319,18,0,
,Wongan-Ballidu (S),19,5,21,44,86,148,155,98,79,36,18,14,15,0,
,Woodanilling (S),6,6,3,12,28,29,31,24,15,5,3,9,0,0,
,Unincorporated WA,0,3,0,0,10,5,26,15,45,64,140,320,11,0,
,Wyalkatchem (S),8,4,7,13,37,50,37,39,27,6,7,8,6,0,
,No fixed address,125,327,1586,2336,4877,7283,6708,6146,6660,3761,2368,2447,860,0,
,Wyndham-East Kimberley (S),8,24,55,287,243,493,520,410,495,366,335,237,62,0,
,Yalgoo (S),0,0,5,3,13,15,30,17,70,78,85,67,3,0,
,Yilgarn (S),8,6,35,28,64,117,119,90,145,118,124,94,11,0,
,York (S),9,15,59,104,131,216,148,97,95,29,16,23,25,0,
,WA Undefined,48,104,419,494,777,1210,1042,808,975,717,647,707,294,0,
,Hobart Undefined,3,8,43,74,97,135,109,82,100,27,15,20,18,0,
,Break O'Day (M),12,24,91,159,307,406,220,151,134,67,24,22,25,0,
,Brighton (M),3,17,90,115,252,399,330,197,208,63,27,29,24,0,
,Burnie (C),18,50,488,556,1236,2127,1905,1440,1424,630,196,240,129,0,
,Central Coast (M),24,31,290,443,815,1119,905,526,534,144,60,72,70,0,
,Central Highlands (M),9,11,35,39,85,155,126,53,57,27,10,11,29,0,
,Circular Head (M),12,33,128,210,454,847,683,456,351,130,65,75,58,0,
,Clarence (C),28,61,784,720,1473,2555,2025,1238,1327,570,218,268,128,0,
,Derwent Valley (M),11,21,84,144,229,415,327,247,318,209,67,54,23,0,
,Devonport (C),12,49,539,654,1491,2588,2107,1295,1201,456,183,183,126,0,
,Dorset (M),15,27,128,221,379,612,493,270,220,66,23,42,48,0,
,Flinders (M),0,7,10,40,53,101,79,47,33,16,6,12,4,0,
,George Town (M),0,17,80,133,253,405,335,290,554,297,116,87,43,0,
,Glamorgan/Spring Bay (M),15,12,82,127,252,383,244,145,119,43,11,21,17,0,
,Glenorchy (C),24,88,776,902,1972,3800,3581,2459,2194,806,352,330,195,0,
,Hobart (C),42,136,1575,2067,4331,7538,8068,6579,6730,3646,1625,1999,376,0,
,Huon Valley (M),28,32,177,354,635,894,636,304,319,101,50,72,62,0,
,Kentish (M),6,17,82,126,184,300,204,127,116,66,43,30,21,0,
,King Island (M),5,14,27,36,77,215,157,101,90,42,11,26,21,0,
,Kingborough (M),14,49,573,511,883,1374,1138,759,720,305,129,176,105,0,
,Latrobe (M),5,29,129,151,368,580,492,340,367,173,65,56,50,0,
,Launceston (C),47,137,1578,1866,3958,7135,6613,4109,3744,1551,624,766,385,0,
,Meander Valley (M),28,39,234,331,696,1062,794,542,474,185,76,76,74,0,
,Northern Midlands (M),20,32,137,237,462,882,750,427,318,135,47,77,57,0,
,Sorell (M),17,25,152,198,326,509,328,178,164,71,26,31,33,0,
,Southern Midlands (M),11,19,49,105,172,254,163,87,82,44,14,17,28,0,
,Tasman (M),3,3,39,48,117,163,134,51,40,15,7,10,12,0,
,Waratah/Wynyard (M),4,29,182,264,459,691,529,339,355,155,57,54,51,0,
,West Coast (M),6,14,91,134,242,312,241,236,265,236,140,79,39,0,
,West Tamar (M),12,28,235,299,508,742,538,330,348,140,70,74,45,0,
,Unincorporated Tas,0,0,0,3,0,7,11,12,13,21,18,18,0,0,
,No fixed address,27,36,265,557,1104,1793,1403,1070,899,324,158,159,113,0,
,TAS Undefined,18,16,95,132,238,403,315,196,155,74,41,36,73,0,
,Darwin Undefined,3,17,23,43,91,192,182,159,165,83,34,32,39,0,
,Alice Springs (T),16,45,408,326,639,1792,2130,1777,1658,958,340,352,128,0,
,Alpurrurulam (CGC),0,0,7,16,9,4,3,3,3,0,0,0,0,0,
,Angurugu (CGC),0,0,12,18,24,16,6,7,13,5,0,5,0,0,
,Anmatjere (CGC),0,0,9,71,38,31,10,19,17,11,5,0,3,0,
,Arltarlpilta (CGC),0,0,3,16,4,0,0,3,4,0,0,0,0,0,
,Belyuen (CGC),0,0,0,23,7,3,0,0,3,0,0,0,0,0,
,Binjari (CGC),0,0,0,3,0,3,0,0,0,0,0,0,0,0,
,Borroloola (CGC),0,0,3,98,22,46,37,20,21,17,4,5,14,0,
,Coomalie (CGC),0,7,17,22,39,62,76,46,72,41,20,10,5,0,
,Cox Peninsula (CGC),0,0,6,4,6,10,3,0,7,4,0,0,4,0,
,Daguragu (CGC),0,0,10,60,24,10,5,6,8,7,4,0,3,0,
,Darwin (C),36,175,982,991,2183,5201,6571,5598,6216,3772,1605,1744,385,0,
,Elliott District (CGC),0,0,0,13,7,13,3,5,3,0,3,0,10,0,
,Jabiru (T),0,0,9,15,22,56,58,32,50,28,21,13,4,0,
,Jilkminggan (CGC),0,0,0,18,0,0,3,0,3,0,0,0,0,0,
,Katherine (T),4,25,114,132,205,469,584,527,701,286,90,77,54,0,
,Kunbarllanjnja (CGC),0,0,3,115,46,18,15,17,18,7,4,3,0,0,
,Lajamanu (CGC),0,0,0,53,24,13,8,7,16,5,0,3,3,0,
,Litchfield (S),19,49,148,178,339,674,978,1225,1330,519,278,241,72,0,
,Ltyentye Purte (CGC),0,0,41,49,26,9,6,3,3,0,0,0,3,0,
,Marngarr (CGC),0,0,3,45,5,4,0,6,4,3,0,0,0,0,
,Mataranka (CGC),0,6,0,6,13,14,10,9,14,11,0,0,0,0,
,Nauiyu Nambiyu (CGC),0,0,3,48,58,20,9,10,13,3,0,0,0,0,
,Numbulwar Numburindi (CGC),0,0,3,22,13,9,9,3,7,4,0,0,0,0,
,Nyirranggulung Mardrulk Ngadberre (CGC),0,0,87,68,23,22,15,20,9,3,0,0,0,0,
,Palmerston (C),9,25,249,198,382,789,851,683,727,369,133,112,61,0,
,Pine Creek (CGC),0,0,5,32,7,21,11,4,6,4,0,3,7,0,
,Tapatjatjaka (CGC),0,0,3,37,8,3,3,0,0,0,0,0,0,0,
,Tennant Creek (T),4,3,78,96,93,175,186,135,158,73,28,19,18,0,
,Thamarrurr (CGC),0,3,32,54,39,19,16,34,21,8,5,11,7,0,
,Timber Creek (CGC),0,0,0,26,7,18,21,10,7,4,5,4,0,0,
,Tiwi Islands (CGC),0,5,124,220,121,90,57,47,50,36,11,9,8,0,
,Walangeri Ngumpinku (CGC),0,0,0,59,60,8,7,6,3,0,3,0,3,0,
,Wallace Rockhole (CGC),0,0,3,16,3,8,0,0,5,0,0,0,0,0,
,Watiyawanu (CGC),0,0,3,0,18,3,6,0,0,0,0,0,0,0,
,Yuendumu (CGC),0,0,0,54,33,26,20,16,13,12,0,3,0,0,
,Yugul Mangi (CGC),0,0,3,155,92,38,18,18,18,13,0,3,3,0,
,Unincorporated NT,18,81,253,1963,959,1293,1367,1147,1493,1176,1118,1534,211,0,
,No fixed address,10,29,68,127,225,441,486,423,485,245,151,143,47,0,
,NT Undefined,19,37,94,177,179,370,359,270,254,174,111,127,72,0,
,Canberra Undefined,0,8,19,22,34,72,65,78,89,53,37,32,9,0,
,Unincorporated ACT,173,675,7595,6256,11112,19854,21328,23918,31999,22159,15281,16261,1223,0,
,No fixed address,11,44,285,331,640,994,985,1000,920,462,237,234,80,0,
,ACT Undefined,10,16,97,92,142,232,193,184,212,120,81,67,39,0,
,Unincorporated OT,3,6,35,43,100,166,186,169,267,123,73,74,19,0,
,No fixed address,0,0,3,0,3,0,3,0,4,4,0,3,3,0,
,Not applicable,52076,995922,653487,1736386,1163180,526420,183979,96708,71239,32332,20291,40014,1241859,3937213,
