lga,Other Religions,Not stated,Supplementary codes,Buddhism,Christianity,Hinduism,Islam,Judaism,No Religion
Albury (C),138,4284,365,324,33412,72,100,21,7570
Armidale Dumaresq (A),135,2319,233,218,16473,64,112,15,3789
Ashfield (A),281,4696,269,1849,22072,1485,620,84,8312
Auburn (A),419,9037,187,6008,23602,2004,16111,29,7575
Ballina (A),164,3515,360,334,27299,27,27,48,6699
Balranald (A),3,271,0,8,1868,0,7,0,287
Bankstown (C),858,14058,512,11585,103917,1351,25996,60,12154
Bathurst Regional (A),140,3229,217,193,27632,61,80,14,4283
Baulkham Hills (A),1632,10761,683,3833,115644,3763,2967,195,19903
Bega Valley (A),143,3330,219,308,20111,19,40,16,6879
Bellingen (A),101,1368,164,200,7307,11,20,32,3225
Berrigan (A),15,597,18,14,6167,10,4,0,1170
Blacktown (C),4073,22130,1238,3984,191598,9937,12463,133,26158
Bland (A),3,374,24,9,5208,3,8,0,475
Blayney (A),25,388,33,20,5387,3,7,3,727
Blue Mountains (C),682,7661,793,1036,47106,155,189,131,16307
Bogan (A),0,155,10,3,2514,0,0,0,198
Bombala (A),12,265,8,5,1941,0,0,0,303
Boorowa (A),3,141,7,10,1909,0,4,0,221
Botany Bay (C),145,3066,164,1090,24044,598,2808,441,3631
Bourke (A),3,281,13,9,2567,0,0,0,228
Brewarrina (A),9,237,15,0,1389,0,0,0,296
Broken Hill (C),32,2625,76,43,12170,13,21,0,4374
Burwood (A),154,3226,140,1956,18121,1639,529,37,5116
Byron (A),428,4826,726,817,12992,80,44,214,8640
Cabonne (A),25,899,34,19,10266,3,8,0,1132
Camden (A),123,3629,193,361,39150,159,399,20,5615
Campbelltown (C),825,12633,694,2998,100859,3270,6371,54,15370
Canada Bay (A),292,6711,344,1546,46305,841,737,181,8789
Canterbury (C),763,12173,448,7916,75255,1950,17792,87,13584
Carrathool (A),11,289,15,9,2194,10,3,0,289
Central Darling (A),9,257,13,3,1387,3,10,0,252
Cessnock (C),92,4814,191,158,34105,57,68,12,6709
Clarence Valley (A),187,4901,268,205,35118,27,37,21,7382
Cobar (A),13,591,22,15,3641,0,3,0,635
Coffs Harbour (C),907,6616,490,465,44154,72,151,40,12021
Conargo (A),0,182,7,0,1240,0,0,0,247
Coolamon (A),5,240,11,3,3373,0,4,0,391
Cooma-Monaro (A),37,1055,51,95,7020,6,18,11,1435
Coonamble (A),4,248,5,4,3636,3,7,0,299
Cootamundra (A),5,455,27,16,6209,4,3,0,593
Corowa Shire (A),14,940,55,25,8403,3,4,5,1525
Cowra (A),23,829,46,30,10424,7,9,0,1114
Deniliquin (A),10,710,25,14,5551,11,9,3,1102
Dubbo (C),90,3732,139,84,30354,88,119,0,3234
Dungog (A),24,817,39,22,6038,3,6,5,1107
Eurobodalla (A),148,3430,208,232,24202,41,37,29,6682
Fairfield (C),991,12499,687,39809,105326,1173,7896,24,11496
Forbes (A),12,750,19,17,7852,3,3,0,700
Gilgandra (A),0,389,14,9,3695,3,6,0,406
Glen Innes Severn (A),44,843,51,32,6875,3,4,9,915
Gloucester (A),12,520,17,11,3655,0,0,0,582
Gosford (C),549,17327,953,1039,112979,312,407,236,24355
Goulburn Mulwaree (A),63,2622,134,104,20503,20,68,16,2550
Greater Taree (C),96,4190,239,252,33605,32,38,24,6669
Greater Hume Shire (A),17,801,40,24,7721,0,10,0,1111
Great Lakes (A),91,3110,146,144,24649,25,31,9,4560
Griffith (C),522,1870,95,92,18967,125,434,4,1698
Gundagai (A),5,174,3,14,3264,0,4,0,222
Gunnedah (A),24,884,37,27,9473,0,3,3,1069
Guyra (A),5,379,18,11,3391,4,0,0,420
Gwydir (A),5,374,13,5,4460,0,0,3,445
Harden (A),6,205,15,9,3073,0,15,0,274
Hastings (A),195,6237,444,275,51214,53,52,57,9899
Hawkesbury (C),250,6088,406,284,44311,78,148,50,8954
Hay (A),0,221,12,11,2780,3,0,0,347
Holroyd (C),972,7451,331,2260,58921,5072,7478,27,7255
Hornsby (A),1218,12363,768,4241,100686,3816,1957,454,25819
Hunter's Hill (A),66,1231,89,225,9188,52,103,369,1923
Hurstville (C),204,6564,326,3320,47254,1031,2365,102,12561
Inverell (A),36,1341,55,38,12371,0,5,0,1668
Jerilderie (A),0,94,5,0,1370,0,4,0,169
Junee (A),10,1149,9,14,4162,0,9,3,428
Kempsey (A),80,3101,147,128,19860,19,38,9,4011
Kiama (A),83,1542,108,97,14171,12,16,17,2955
Kogarah (A),218,4522,172,1904,34603,774,1712,135,8494
Ku-ring-gai (A),747,8115,515,2127,67525,1028,590,3989,16453
Kyogle (A),73,949,107,142,6248,14,4,10,1706
Lachlan (A),10,489,13,9,5637,0,0,0,513
Lake Macquarie (C),400,16963,850,894,135194,209,212,55,28365
Lane Cove (A),209,3223,231,686,18998,424,354,372,5931
Leeton (A),78,907,37,21,9047,11,27,3,974
Leichhardt (A),299,6507,568,891,26574,174,229,316,13216
Lismore (C),463,4062,682,553,28120,68,66,36,8152
Lithgow (C),67,2139,116,106,14738,16,19,13,2545
Liverpool (C),2010,15019,642,9239,106348,6456,13740,51,11111
Liverpool Plains (A),13,752,24,11,6105,0,0,3,633
Lockhart (A),0,190,3,5,2745,0,0,0,233
Maitland (C),148,5105,279,194,48505,78,113,23,7428
Manly (A),145,4750,327,538,23269,88,116,112,7771
Marrickville (A),647,9546,1046,3947,36463,542,2139,270,17217
Mid-Western Regional (A),80,1980,68,72,16183,4,24,12,2660
Moree Plains (A),24,1750,47,26,11091,24,16,0,995
Mosman (A),120,3003,170,392,16990,146,92,291,5031
Murray (A),11,666,11,16,4601,0,7,3,1095
Murrumbidgee (A),10,228,15,15,2014,0,5,0,217
Muswellbrook (A),25,1712,51,50,11703,3,16,0,1669
Nambucca (A),78,1917,124,155,12387,10,19,13,3190
Narrabri (A),6,1018,46,23,10749,22,12,3,1244
Narrandera (A),14,450,26,6,4899,4,0,3,614
Narromine (A),6,514,17,4,5437,3,4,0,518
Newcastle (C),545,14111,1149,1279,100364,457,642,108,23092
North Sydney (A),312,8888,515,1712,31715,710,294,709,13410
Oberon (A),12,583,22,8,3793,0,14,0,589
Orange (C),93,2951,155,138,28244,49,61,15,3634
Palerang (A),78,1396,76,103,7782,9,9,11,2855
Parkes (A),15,910,29,39,12229,7,16,0,1037
Parramatta (C),1995,14892,689,5233,86542,7800,12120,124,18925
Penrith (C),1069,14766,832,1209,129394,1689,2694,67,20418
Pittwater (A),186,6104,423,549,35363,68,88,137,11245
Port Stephens (A),149,5874,305,260,44739,42,62,19,9033
Queanbeyan (C),172,3779,190,275,25919,99,220,25,5294
Randwick (C),411,15731,943,4141,70803,820,1808,4261,20958
Richmond Valley (A),56,1930,122,74,16322,7,6,3,2792
Rockdale (C),399,9599,321,2828,57969,1554,8897,211,10356
Ryde (C),565,9712,506,3498,61504,2061,1825,412,16869
Shellharbour (C),148,5308,236,296,45304,37,487,9,8513
Shoalhaven (C),357,8595,510,556,63673,89,114,66,14457
Singleton (A),65,1912,94,78,17241,6,28,9,2503
Snowy River (A),16,1635,73,47,4129,0,14,13,1260
Strathfield (A),239,3168,108,2040,17889,3280,1271,53,3930
Sutherland Shire (A),527,16793,971,1796,156370,768,1411,258,26562
Sydney (C),1061,43499,1757,8170,59703,1197,2076,2001,37106
Tamworth Regional (A),126,3745,179,135,44195,54,60,9,5089
Temora (A),5,371,22,10,4983,0,4,0,463
Tenterfield (A),27,616,54,18,4883,8,8,0,912
Tumbarumba (A),7,469,20,10,2548,0,9,0,470
Tumut Shire (A),15,864,40,27,8709,10,13,3,1120
Tweed (A),499,8800,586,725,54245,379,83,78,13920
Upper Hunter Shire (A),18,963,42,47,10601,17,17,9,1256
Upper Lachlan (A),17,602,19,25,5748,7,4,6,632
Uralla (A),30,466,41,39,4322,0,12,4,818
Urana (A),5,99,0,3,1028,3,0,0,122
Wagga Wagga (C),100,3916,285,232,45527,150,165,14,6621
Wakool (A),18,542,10,8,3027,6,9,0,748
Walcha (A),3,226,4,10,2672,0,0,0,264
Walgett (A),29,739,47,18,5171,3,32,0,904
Warren (A),3,140,3,3,2451,0,0,0,149
Warringah (A),664,12772,873,1894,92551,500,681,424,23476
Warrumbungle Shire (A),27,815,42,26,7724,0,17,5,1148
Waverley (A),250,12591,637,1010,24674,153,276,10209,10911
Weddin (A),6,269,6,10,3039,0,11,0,296
Wellington (A),20,689,26,7,6578,0,13,4,777
Wentworth (A),7,721,21,12,4441,10,0,0,1570
Willoughby (C),352,6852,375,2796,36766,781,736,958,13993
Wingecarribee (A),208,4233,263,300,30392,61,50,83,6683
Wollondilly (A),114,3443,193,129,30763,31,131,21,5516
Wollongong (C),660,16697,1211,1956,132805,565,2799,85,27431
Woollahra (A),184,8550,360,733,24514,203,182,7089,8359
Wyong (A),401,12927,667,611,104246,219,373,82,20273
Yass Valley (A),48,1040,78,46,9701,12,34,5,2175
Young (A),8,815,24,25,9939,19,147,0,997
Unincorporated NSW,3,120,4,3,762,0,0,0,230
No Usual Address,97,1639,192,274,5439,124,215,45,2146
Alpine (S),42,1347,105,64,7656,7,39,8,2726
Ararat (RC),17,1673,53,32,6997,3,20,5,2455
Ballarat (C),352,9752,740,442,55136,223,133,35,18384
Banyule (C),509,11408,870,1556,73543,768,1807,103,24301
Bass Coast (S),79,3873,203,155,15481,16,24,31,6675
Baw Baw (S),99,4487,224,122,23133,38,35,3,9041
Bayside (C),311,9389,602,927,55249,271,386,2727,18064
Benalla (RC),25,1336,83,46,9024,37,21,3,2943
Boroondara (C),858,15802,1248,4531,92099,2409,1073,2019,34416
Brimbank (C),1354,14104,659,18194,108182,1681,8407,43,15590
Buloke (S),17,525,22,9,5307,3,6,0,949
Campaspe (S),83,3784,195,76,24880,8,82,3,7096
Cardinia (S),213,7515,529,261,32258,77,126,44,16086
Casey (C),1620,23305,1388,6414,128325,3022,7475,107,43296
Central Goldfields (S),42,1485,66,40,8082,0,3,0,2610
Colac-Otway (S),43,2467,165,91,13134,8,17,6,4363
Corangamite (S),37,1745,78,34,11776,10,10,0,2927
Darebin (C),1270,14051,1242,4071,75872,1913,4848,169,24631
East Gippsland (S),104,4970,282,189,24464,32,40,26,9931
Frankston (C),498,16094,1144,882,67382,535,777,137,30350
Gannawarra (S),20,1314,30,21,7770,0,6,0,2135
Glen Eira (C),684,14643,913,2322,57499,2098,672,22063,23199
Glenelg (S),26,2512,93,55,12784,11,20,0,4264
Golden Plains (S),43,2034,133,63,10180,0,12,7,3978
Greater Bendigo (C),234,10119,695,492,60143,127,136,46,21268
Greater Dandenong (C),862,12214,659,18767,65852,2550,9875,110,14633
Greater Geelong (C),608,21450,1609,1376,129415,409,1069,76,41475
Greater Shepparton (C),282,6364,283,202,37440,110,2190,11,10201
Hepburn (S),111,1835,164,180,7822,15,14,16,3582
Hindmarsh (S),18,549,16,7,4656,8,8,0,785
Hobsons Bay (C),405,8062,543,2247,51160,442,3514,54,15047
Horsham (RC),34,1716,86,46,13427,32,52,3,3106
Hume (C),603,13734,783,2861,90562,937,19688,35,18567
Indigo (S),38,1606,95,80,9618,0,3,9,3354
Kingston (C),726,14082,990,3955,85011,2044,1916,907,24995
Knox (C),1164,15080,1147,4261,87880,1982,1516,125,33581
Latrobe (C),208,8153,538,316,42680,85,224,24,17101
Loddon (S),16,897,37,27,5346,4,5,0,1503
Macedon Ranges (S),118,4510,308,183,23955,33,64,20,9177
Manningham (C),861,9514,550,4012,71340,1158,1889,635,19956
Mansfield (S),23,929,62,49,4379,3,10,14,1725
Maribyrnong (C),525,7257,609,6470,31912,1262,2658,60,12394
Maroondah (C),633,11244,804,1292,60157,455,443,99,24072
Melbourne (C),468,13751,829,5389,27718,1251,2523,463,18989
Melton (S),456,8413,394,1555,52160,696,2233,7,12993
Mildura (RC),103,5696,218,200,32039,70,831,9,10644
Mitchell (S),85,3531,195,118,19459,19,131,20,7370
Moira (S),30,2769,97,59,19172,16,241,10,4690
Monash (C),1425,15641,999,8531,95715,4880,2626,815,30614
Moonee Valley (C),394,10508,648,2969,72214,849,2928,64,16523
Moorabool (S),103,2625,180,129,16371,32,33,13,5984
Moreland (C),807,13182,1311,2705,82137,1583,10618,147,23266
Mornington Peninsula (S),444,18957,1173,717,80570,173,172,144,34123
Mount Alexander (S),148,2871,169,170,8386,15,14,13,5279
Moyne (S),43,1723,69,36,11034,0,12,9,2526
Murrindindi (S),72,2199,152,73,7320,4,14,3,3845
Nillumbik (S),254,6422,582,410,35595,107,189,57,16182
Northern Grampians (S),46,1337,55,28,7927,9,7,4,2494
Port Phillip (C),511,15258,1156,1633,38654,777,842,3922,22346
Pyrenees (S),19,795,43,24,4323,0,3,0,1355
Queenscliffe (B),11,318,27,18,1963,5,5,13,660
South Gippsland (S),76,3213,163,87,15633,11,28,22,6513
Southern Grampians (S),23,1485,68,43,12338,0,8,6,2670
Stonnington (C),474,12164,844,2285,48448,1332,952,4578,18813
Strathbogie (S),23,1062,57,53,6108,3,14,7,1969
Surf Coast (S),84,2763,229,178,12619,18,33,14,5848
Swan Hill (RC),62,2322,106,202,14109,13,135,6,3680
Towong (S),17,571,38,20,4371,0,0,3,995
Wangaratta (RC),58,2661,148,98,18336,27,66,7,4998
Warrnambool (C),59,3283,190,122,20971,27,67,14,5661
Wellington (S),118,5217,255,137,25882,39,68,5,8353
West Wimmera (S),19,406,7,10,3364,0,3,0,664
Whitehorse (C),1104,13814,1015,6123,87484,1901,1137,326,31864
Whittlesea (C),1195,10073,577,3944,86033,1625,6763,36,14400
Wodonga (RC),99,3007,285,130,22823,71,81,9,6504
Wyndham (C),578,11853,687,1834,72177,1392,3656,34,20476
Yarra (C),467,10712,1259,4053,29529,308,1233,393,21384
Yarra Ranges (S),830,18867,1395,936,74859,171,241,131,42793
Yarriambiack (S),7,747,31,22,5775,3,12,0,929
Unincorporated Vic,8,126,41,15,318,0,3,4,256
No Usual Address,81,1010,123,187,2891,69,150,45,1836
Aramac (S),0,107,0,3,542,0,0,0,71
Atherton (S),62,1322,67,52,7330,0,17,4,2058
Aurukun (S),3,54,3,3,873,0,0,0,109
Badu (IC),21,31,26,0,679,0,0,0,72
Balonne (S),7,426,16,11,3753,3,0,0,406
Bamaga (IC),13,58,25,0,644,0,0,0,48
Banana (S),28,1414,40,50,9931,9,10,3,1874
Barcaldine (S),0,172,0,0,1242,0,0,0,194
Barcoo (S),0,25,0,0,274,0,0,0,64
Bauhinia (S),3,152,12,3,1732,0,0,0,282
Beaudesert (S),353,7428,352,525,39920,50,121,33,13653
Belyando (S),20,1287,70,39,7114,16,18,3,1899
Bendemere (S),0,109,0,4,798,0,0,0,80
Biggenden (S),6,136,3,4,1138,0,0,0,244
Blackall (S),3,77,9,4,1241,4,0,0,118
Boigu (IC),16,0,7,0,257,0,0,0,0
Boonah (S),23,813,34,18,6564,0,8,3,1182
Booringa (S),0,155,3,0,1356,0,0,0,194
Boulia (S),0,46,0,0,286,0,0,0,82
Bowen (S),18,2012,66,81,8027,19,64,6,2080
Brisbane (C),5777,104467,7628,24904,615652,8084,10868,1443,177300
Broadsound (S),6,1197,16,15,4457,7,4,4,1128
Bulloo (S),0,29,0,3,282,0,0,0,57
Bundaberg (C),113,5403,209,193,32279,52,150,9,7391
Bungil (S),0,169,9,5,1653,0,0,0,218
Burdekin (S),18,1339,54,35,13984,0,9,6,1570
Burke (S),0,124,3,4,284,0,0,0,85
Burnett (S),63,3079,112,108,18003,14,51,13,4849
Caboolture (S),549,16589,711,623,85870,229,194,64,27649
Cairns (C),775,18490,1245,1688,76940,205,392,113,27593
Calliope (S),30,1886,78,54,10717,21,6,0,3742
Caloundra (C),280,10269,671,621,57210,96,88,42,18319
Cambooya (S),10,374,26,9,4666,0,0,0,731
Cardwell (S),75,1137,64,51,6300,12,6,0,1887
Carpentaria (S),0,315,9,8,1299,0,0,0,308
Charters Towers (C),18,802,32,24,5710,0,22,0,1372
Cherbourg (S),4,96,3,0,945,0,4,0,76
Chinchilla (S),8,500,31,12,4786,3,4,0,601
Clifton (S),4,234,12,0,2058,0,9,0,300
Cloncurry (S),10,411,13,3,2258,6,4,0,430
Cook (S),21,773,34,24,1774,4,0,0,833
Cooloola (S),137,4262,262,162,23196,29,31,14,7990
Crow's Nest (S),32,1024,74,35,9762,10,7,6,1674
Croydon (S),0,34,0,0,169,0,0,0,46
Dalby (T),5,987,37,11,7794,13,11,0,925
Dalrymple (S),3,462,14,8,2526,0,0,0,496
Dauan (IC),0,3,0,0,143,0,0,0,4
Diamantina (S),0,36,0,0,184,0,0,0,60
Doomadgee (S),13,242,0,0,524,0,0,0,302
Douglas (S),46,1576,124,114,5795,3,6,7,2523
Duaringa (S),11,1080,19,26,4348,6,5,0,1259
Eacham (S),37,909,34,34,3688,12,11,3,1622
Eidsvold (S),0,133,3,0,635,0,0,0,96
Emerald (S),36,1678,67,59,10124,25,29,0,2341
Erub (IC),0,12,22,0,262,0,0,0,16
Esk (S),57,1914,80,93,10233,8,7,6,2761
Etheridge (S),5,116,10,0,570,0,0,0,147
Fitzroy (S),25,1373,28,11,7483,11,4,3,1633
Flinders (S),0,182,6,3,1369,0,7,0,225
Gatton (S),34,1827,95,112,11410,26,133,0,2003
Gayndah (S),10,295,7,10,2058,4,0,0,401
Gladstone (C),82,3423,153,98,19149,50,29,4,6090
Gold Coast (C),1937,61686,3496,5670,302651,1311,2847,1162,91528
Goondiwindi (T),6,643,5,7,3653,0,3,3,386
Hammond (IC),0,5,0,0,189,0,0,0,15
Herberton (S),32,977,51,37,2950,3,10,3,1362
Hervey Bay (C),177,5502,255,242,35243,59,63,16,10670
Hinchinbrook (S),25,697,29,32,9688,10,9,0,1072
Hope Vale (S),0,32,3,0,721,0,0,0,22
Iama (IC),0,111,4,0,188,0,0,0,10
Ilfracombe (S),0,20,3,0,209,0,0,0,38
Inglewood (S),0,233,7,7,2056,0,7,0,224
Injinoo (S),0,28,7,0,354,0,0,0,30
Ipswich (C),518,16200,905,1663,95122,329,336,44,25057
Isis (S),30,858,39,52,4266,3,0,8,1044
Isisford (S),0,27,0,0,203,0,0,0,36
Jericho (S),0,69,0,0,722,0,3,0,120
Johnstone (S),297,2427,98,137,12518,9,17,9,2742
Jondaryan (S),32,1308,33,15,11383,0,8,5,1306
Kilcoy (S),24,360,13,8,2377,0,3,0,644
Kilkivan (S),22,458,16,12,2349,0,0,0,595
Kingaroy (S),55,1477,58,49,8681,10,12,3,1878
Kolan (S),25,606,31,22,2909,9,5,3,953
Kowanyama (S),39,85,4,0,809,0,0,0,89
Kubin (IC),0,9,13,0,170,0,0,0,4
Laidley (S),53,1704,71,69,10032,7,9,8,2528
Livingstone (S),96,3853,153,137,19475,19,19,0,5119
Lockhart River (S),0,26,11,0,464,0,0,0,54
Logan (C),903,20887,1177,2640,110726,903,2251,112,33662
Longreach (S),5,407,10,3,2713,0,0,0,369
Mabuiag (IC),0,21,0,0,219,0,0,0,3
Mackay (C),157,10778,422,274,59007,88,185,24,13953
McKinlay (S),0,99,3,3,662,0,4,0,129
Mapoon (S),0,51,0,0,121,0,0,0,64
Mareeba (S),64,2958,157,160,11288,16,118,6,3433
Maroochy (S),548,16922,1274,1343,89800,137,169,124,32515
Maryborough (C),68,3231,100,71,17563,36,32,9,4593
Mer (IC),0,21,4,0,431,0,0,0,28
Millmerran (S),4,297,13,3,2444,0,0,0,334
Mirani (S),20,829,19,8,3652,3,0,0,872
Miriam Vale (S),28,877,36,29,2891,4,6,0,1265
Monto (S),0,273,7,8,1820,0,0,0,334
Mornington (S),24,80,0,0,818,8,0,0,108
Mount Isa (C),49,3661,92,57,12105,31,42,4,3620
Mount Morgan (S),19,411,18,18,1994,3,11,0,516
Mundubbera (S),3,260,3,3,1548,0,3,3,293
Murgon (S),10,375,15,7,2593,6,0,0,448
Murilla (S),3,252,6,9,2074,0,8,0,339
Murweh (S),3,434,19,18,3655,12,4,0,434
Nanango (S),68,1094,49,48,5894,3,10,0,1846
Napranum (S),0,71,5,0,589,0,0,0,171
Nebo (S),4,580,14,7,1532,0,6,0,382
New Mapoon (S),0,32,4,0,250,0,0,0,52
Noosa (S),264,6280,474,441,26387,42,47,67,11822
Palm Island (S),3,224,5,0,1648,0,0,0,101
Paroo (S),0,163,6,4,1579,0,0,0,173
Peak Downs (S),6,399,11,5,2134,0,0,3,631
Perry (S),0,31,7,0,310,0,0,0,82
Pine Rivers (S),515,13847,714,683,97160,631,253,58,27281
Pittsworth (S),3,341,8,9,4023,0,0,5,395
Pormpuraaw (S),0,27,0,0,530,0,0,0,38
Poruma (IC),0,8,31,0,122,0,0,0,12
Quilpie (S),0,97,3,3,752,0,0,0,127
Redcliffe (C),219,5815,359,327,34934,124,87,27,9290
Redland (S),506,13077,660,780,88098,265,450,80,23712
Richmond (S),0,145,0,0,651,0,0,0,108
Rockhampton (C),163,6840,283,312,41807,200,126,7,9017
Roma (T),10,528,31,14,5132,3,4,0,780
Rosalie (S),19,864,49,28,6850,7,3,0,1216
Saibai (IC),0,51,0,0,269,0,0,0,18
St Pauls (IC),0,9,39,0,182,0,4,0,6
Sarina (S),12,1361,38,24,7371,12,17,3,1883
Seisia (IC),3,16,0,0,133,0,0,0,12
Stanthorpe (S),51,1021,62,30,7468,11,16,0,1457
Tambo (S),0,46,0,0,448,0,0,0,61
Tara (S),9,448,15,9,2592,5,3,0,593
Taroom (S),0,191,0,0,2008,0,0,0,186
Thuringowa (C),203,6033,431,232,40196,51,48,10,11961
Tiaro (S),29,872,34,34,3120,0,0,7,1227
Toowoomba (C),351,8285,532,603,68305,332,321,23,11454
Torres (S),44,407,18,9,2408,0,14,0,336
Townsville (C),446,12162,935,732,62014,255,273,50,18592
Ugar (IC),0,6,0,0,67,0,0,0,0
Umagico (S),0,26,0,0,187,0,0,0,10
Waggamba (S),3,251,4,0,2357,0,0,3,255
Wambo (S),3,452,16,6,4197,0,0,0,557
Warraber (IC),0,14,28,0,206,0,0,0,0
Warroo (S),0,85,13,0,838,0,0,0,100
Warwick (S),73,1924,97,68,16736,10,10,3,2602
Weipa (T),16,453,23,20,1648,3,4,0,662
Whitsunday (S),46,2760,138,116,10139,16,23,14,3700
Winton (S),0,198,0,0,1046,0,0,0,135
Wondai (S),23,577,15,10,3014,6,0,0,743
Woocoo (S),5,391,11,3,2267,0,0,3,754
Woorabinda (S),4,111,7,0,648,0,0,0,83
Wujal Wujal (S),3,8,0,0,291,0,0,0,17
Yarrabah (S),0,80,6,0,2137,0,0,0,147
Yorke (IC),0,13,25,0,252,0,0,0,8
Unincorporated Qld,0,12,4,0,61,0,0,0,30
No Usual Address,113,2363,183,159,6725,27,50,20,3172
Adelaide (C),157,3235,240,880,7143,332,297,32,4355
Adelaide Hills (DC),228,4750,325,326,20761,28,39,44,11358
Alexandrina (DC),108,3287,137,94,11174,9,24,3,5881
Anangu Pitjantjatjara (AC),12,333,3,4,1337,3,0,0,540
Barossa (DC),89,1906,117,41,13854,6,10,0,4524
Barunga West (DC),9,331,8,4,1700,0,0,0,487
Berri and Barmera (DC),141,1264,57,25,6628,4,20,0,2790
Burnside (C),325,4235,268,783,26596,346,310,197,8898
Campbelltown (C),532,4213,281,701,32544,318,332,53,7188
Ceduna (DC),4,447,15,9,2384,0,3,0,704
Charles Sturt (C),467,10050,673,2747,67092,321,1240,53,17894
Clare and Gilbert Valleys (DC),32,870,43,24,5473,3,3,3,1691
Cleve (DC),0,229,7,0,1292,0,4,0,365
Coober Pedy (DC),7,467,10,12,1022,5,10,0,376
Copper Coast (DC),25,1419,37,21,7134,11,16,6,2778
Elliston (DC),6,105,9,0,781,3,0,0,227
Flinders Ranges (DC),0,297,3,8,996,0,0,0,420
Franklin Harbour (DC),0,143,3,0,791,0,0,0,342
Gawler (T),77,2396,123,93,11506,12,19,6,4688
Goyder (DC),23,423,16,20,2856,3,4,0,834
Grant (DC),11,1073,44,13,4721,0,3,0,1995
Holdfast Bay (C),145,3848,256,272,21176,77,109,51,7365
Kangaroo Island (DC),12,600,15,53,2133,0,4,0,1449
Karoonda East Murray (DC),7,117,5,8,861,0,6,0,170
Kimba (DC),0,112,0,0,669,0,0,0,327
Kingston (DC),8,321,6,0,1436,0,0,0,545
Le Hunte (DC),10,137,6,0,946,3,0,0,220
Light (RegC),37,1485,104,37,7622,14,10,0,3062
Lower Eyre Peninsula (DC),5,586,16,13,2697,0,0,0,1085
Loxton Waikerie (DC),129,1183,63,15,7941,0,23,0,2245
Mallala (DC),44,1237,40,31,4350,0,3,6,2191
Maralinga Tjarutja (AC),0,13,0,0,69,0,0,0,23
Marion (C),604,8415,669,985,47731,405,708,61,19127
Mid Murray (DC),53,1225,61,29,4749,5,4,0,1915
Mitcham (C),416,6137,483,683,37896,309,485,81,15370
Mount Barker (DC),199,3392,254,216,14772,13,28,19,7551
Mount Gambier (C),59,2748,121,87,14088,10,49,7,6327
Mount Remarkable (DC),3,380,11,8,1826,0,0,0,616
Murray Bridge (RC),48,2495,101,43,10353,5,191,4,4440
Naracoorte and Lucindale (DC),13,889,36,62,5152,9,12,0,1899
Northern Areas (DC),13,524,15,5,3136,3,0,0,956
Norwood Payneham St Peters (C),257,3676,308,536,20807,268,261,52,7565
Onkaparinga (C),973,19085,1183,738,82658,249,387,83,44375
Orroroo/Carrieton (DC),0,69,3,0,703,3,0,0,144
Peterborough (DC),5,285,10,10,1081,0,7,0,504
Playford (C),382,10621,518,1037,35811,34,223,16,21377
Port Adelaide Enfield (C),658,13025,848,4716,58600,752,2070,41,22211
Port Augusta (C),63,2409,57,34,7704,14,25,0,3578
Port Lincoln (C),42,1795,67,55,8058,14,8,0,3568
Port Pirie City and Dists (M),39,1941,48,20,11104,14,40,14,3917
Prospect (C),179,1969,145,355,12031,305,200,17,4092
Renmark Paringa (DC),178,1241,52,62,5632,0,211,0,2063
Robe (DC),0,593,0,0,763,0,0,3,337
Roxby Downs (M),14,554,26,13,2048,10,12,0,1366
Salisbury (C),677,15019,726,4799,65795,318,1254,36,29793
Southern Mallee (DC),9,182,9,3,1537,0,3,0,385
Streaky Bay (DC),0,232,5,10,1288,0,4,0,481
Tatiara (DC),10,831,36,21,4398,8,13,0,1547
Tea Tree Gully (C),562,10260,617,610,59861,197,579,34,23258
The Coorong (DC),21,764,41,6,3503,11,4,0,1318
Tumby Bay (DC),7,290,7,3,1667,0,4,0,553
Unley (C),211,3580,314,529,22020,203,234,76,8833
Victor Harbor (C),56,1691,80,42,7301,3,3,5,2829
Wakefield (DC),17,833,28,11,4088,0,0,0,1394
Walkerville (M),46,763,43,106,4539,110,27,8,1329
Wattle Range (DC),35,1452,54,33,7102,4,13,6,3195
West Torrens (C),391,5066,500,913,33868,301,899,37,10187
Whyalla (C),60,3144,86,66,11575,34,38,3,6400
Yankalilla (DC),23,664,24,30,2141,0,3,0,1268
Yorke Peninsula (DC),24,1248,40,31,7703,0,7,0,2141
Unincorporated SA,15,532,19,11,2050,3,0,0,1114
No Usual Address,28,420,50,43,1226,16,30,4,803
Albany (C),158,4208,224,180,17744,27,65,8,8970
Armadale (C),293,6928,397,358,28685,49,258,32,13543
Ashburton (S),112,1080,44,36,2857,9,26,0,1927
Augusta-Margaret River (S),63,1539,131,114,5122,6,11,9,3352
Bassendean (T),84,1497,120,227,8059,30,102,14,3328
Bayswater (C),389,6112,508,2159,33457,326,1008,520,11314
Belmont (C),143,4056,301,674,17738,106,875,18,6414
Beverley (S),17,131,7,3,1048,0,0,0,366
Boddington (S),18,155,12,8,793,0,3,0,388
Boyup Brook (S),3,162,3,5,979,0,0,0,330
Bridgetown-Greenbushes (S),38,465,31,32,2189,0,4,7,1193
Brookton (S),0,121,3,0,644,0,4,0,209
Broome (S),27,2870,99,118,6879,12,37,6,3003
Broomehill (S),0,71,0,4,294,0,0,0,103
Bruce Rock (S),0,95,9,0,653,0,0,0,194
Bunbury (C),114,3840,204,197,18206,25,110,14,6988
Busselton (S),80,3199,189,169,15008,18,24,12,6657
Cambridge (T),133,2609,146,266,15403,84,85,98,4923
Canning (C),646,8283,569,3600,44475,1178,2632,42,15883
Capel (S),35,1138,60,44,6229,11,7,0,2683
Carnamah (S),0,120,3,0,442,0,0,0,181
Carnarvon (S),22,784,35,161,3401,15,16,3,1250
Chapman Valley (S),4,113,0,3,564,0,3,0,221
Chittering (S),7,527,21,21,1876,0,0,0,1055
Claremont (T),36,1078,50,119,5646,34,41,37,1899
Cockburn (C),446,8385,525,894,47638,242,567,44,15726
Collie (S),24,1156,52,36,4984,6,0,0,2350
Coolgardie (S),14,699,22,25,1861,11,35,0,1137
Coorow (S),0,153,9,5,721,0,0,0,320
Corrigin (S),0,116,10,0,791,0,0,0,225
Cottesloe (T),29,1210,47,57,4260,6,3,24,1607
Cranbrook (S),3,124,10,9,652,0,8,0,265
Cuballing (S),5,85,4,7,468,0,3,3,206
Cue (S),0,65,7,0,182,0,0,0,62
Cunderdin (S),7,109,4,6,845,0,0,0,281
Dalwallinu (S),4,141,4,10,928,0,0,0,280
Dandaragan (S),15,479,12,20,1676,0,9,0,677
Dardanup (S),24,1178,44,51,6288,5,59,3,2683
Denmark (S),54,652,58,74,2011,11,8,7,1636
Derby-West Kimberley (S),120,831,33,29,4101,11,10,0,1376
Donnybrook-Balingup (S),14,538,28,38,2743,6,12,6,1352
Dowerin (S),0,81,9,3,457,0,0,0,154
Dumbleyung (S),0,53,0,0,433,0,0,0,142
Dundas (S),10,140,12,8,595,3,8,0,288
East Fremantle (T),47,867,67,93,3932,12,18,7,1653
East Pilbara (S),242,1425,37,66,2899,3,34,0,1832
Esperance (S),28,1791,74,37,7318,12,6,6,3689
Exmouth (S),8,334,11,28,1040,0,0,0,630
Fremantle (C),228,3312,386,423,13433,102,133,78,6735
Geraldton (C),73,2804,129,98,11628,7,174,0,3999
Gingin (S),6,908,22,34,2222,0,3,3,1124
Gnowangerup (S),0,118,3,0,903,0,0,0,336
Goomalling (S),3,62,6,0,653,0,0,6,209
Gosnells (C),563,11193,637,2451,51879,419,3122,23,21293
Greenough (S),21,1744,87,86,8949,6,182,9,2950
Halls Creek (S),35,576,7,8,2130,0,0,0,382
Harvey (S),68,2423,89,67,12180,3,28,5,4691
Irwin (S),7,367,9,7,1839,0,4,0,819
Jerramungup (S),0,147,14,0,648,0,0,0,313
Joondalup (C),802,14796,984,1362,97050,751,1086,226,32610
Kalamunda (S),186,5927,289,317,29954,68,351,24,12423
Kalgoorlie/Boulder (C),95,5248,230,139,15325,64,64,17,7236
Katanning (S),6,721,22,22,2256,9,360,0,811
Kellerberrin (S),0,154,7,0,796,0,0,0,228
Kent (S),3,46,5,0,351,0,0,0,164
Kojonup (S),4,263,10,9,1423,0,0,0,438
Kondinin (S),3,103,3,0,668,3,0,0,187
Koorda (S),0,47,0,0,293,0,0,0,87
Kulin (S),3,90,3,3,642,0,0,0,139
Kwinana (T),130,4240,193,132,12079,36,81,12,6290
Lake Grace (S),3,123,11,0,991,0,4,0,322
Laverton (S),8,106,15,6,438,0,0,0,150
Leonora (S),15,190,18,21,743,0,7,0,424
Mandurah (C),178,7473,348,248,34458,58,88,22,12936
Manjimup (S),40,1215,42,46,5331,13,33,0,2533
Meekatharra (S),8,330,13,6,545,0,3,0,240
Melville (C),629,9214,595,2539,60172,841,682,77,18250
Menzies (S),0,41,0,0,128,0,0,0,49
Merredin (S),8,424,21,10,1973,0,11,0,796
Mingenew (S),0,52,0,0,335,0,0,0,81
Moora (S),5,306,12,3,1595,0,0,0,488
Morawa (S),0,86,0,0,585,0,0,0,150
Mosman Park (T),62,1095,60,115,5258,50,77,18,1517
Mount Magnet (S),0,112,3,3,260,0,0,0,79
Mount Marshall (S),0,51,6,0,420,0,0,0,138
Mukinbudin (S),0,44,8,0,411,0,0,0,120
Mullewa (S),0,113,4,0,658,0,0,0,137
Mundaring (S),195,5077,346,187,19617,39,34,23,9566
Murchison (S),0,16,3,0,74,0,0,0,20
Murray (S),55,1801,62,53,7018,6,4,7,2973
Nannup (S),9,176,6,20,593,0,0,0,388
Narembeen (S),0,106,8,0,597,0,0,0,198
Narrogin (T),3,410,28,5,2747,0,3,0,1036
Narrogin (S),0,67,0,3,582,7,0,0,172
Nedlands (C),118,2443,135,398,13031,163,108,95,3837
Ngaanyatjarraku (S),125,368,0,0,743,0,0,0,105
Northam (T),19,736,50,9,3886,3,9,0,1293
Northam (S),25,661,21,13,2098,0,0,3,977
Northampton (S),28,434,9,12,2060,3,0,0,663
Nungarin (S),0,37,0,0,151,0,0,0,56
Peppermint Grove (S),11,191,11,14,1104,0,0,5,245
Perenjori (S),0,53,0,3,342,0,0,0,129
Perth (C),85,3090,110,558,4842,206,428,93,2162
Pingelly (S),3,215,15,3,711,0,3,0,225
Plantagenet (S),18,690,33,20,2455,0,23,0,1241
Port Hedland (T),173,3701,71,98,4925,47,414,7,2528
Quairading (S),3,125,3,0,704,0,0,0,180
Ravensthorpe (S),3,271,15,16,1147,0,11,0,489
Rockingham (C),355,11268,667,446,48949,52,292,29,22255
Roebourne (S),90,3501,144,115,7756,82,27,8,4706
Sandstone (S),3,25,0,0,39,0,0,0,46
Serpentine-Jarrahdale (S),43,1623,79,83,7497,6,28,6,3527
Shark Bay (S),4,170,3,3,434,0,0,0,231
South Perth (C),298,4917,307,1202,22496,410,811,75,7844
Stirling (C),1112,20125,1573,4518,108517,1111,3921,2808,33181
Subiaco (C),146,2251,160,435,8669,142,286,86,4198
Swan (C),448,11626,655,2529,54295,363,2074,272,21024
Tambellup (S),0,150,0,0,401,0,0,0,106
Tammin (S),0,56,6,0,277,0,0,0,51
Three Springs (S),0,71,10,3,458,0,0,0,119
Toodyay (S),27,554,38,22,2307,0,6,0,1164
Trayning (S),0,42,0,0,257,0,0,0,94
Upper Gascoyne (S),0,88,0,0,126,0,0,0,78
Victoria Park (T),172,3957,294,960,14945,206,856,34,6535
Victoria Plains (S),0,110,3,3,595,0,0,0,197
Vincent (T),187,3812,328,932,14449,112,223,167,6673
Wagin (S),3,226,11,8,1165,0,0,0,432
Wandering (S),0,61,5,0,218,0,0,0,75
Wanneroo (C),581,12636,746,3382,67036,455,1953,75,24079
Waroona (S),8,450,32,7,2083,0,0,0,861
West Arthur (S),0,85,4,0,549,0,0,0,215
Westonia (S),0,20,0,0,153,0,0,0,39
Wickepin (S),0,65,0,3,449,0,0,0,192
Williams (S),0,77,6,4,599,0,3,0,174
Wiluna (S),3,89,8,3,344,0,3,0,230
Wongan-Ballidu (S),3,142,7,0,954,5,3,0,276
Woodanilling (S),0,66,0,0,254,0,0,0,83
Unincorporated WA,3,49,13,4,163,5,0,0,101
Wyalkatchem (S),0,71,6,0,370,0,0,0,121
No Usual Address,45,1065,96,84,2916,28,44,15,1699
Wyndham-East Kimberley (S),32,1448,57,38,3624,5,13,7,1379
Yalgoo (S),3,51,0,0,146,0,3,0,46
Yilgarn (S),0,165,7,10,907,0,0,0,328
York (S),13,371,13,13,1896,0,11,0,795
Break O'Day (M),26,844,45,50,3738,3,6,3,1354
Brighton (M),25,2040,48,26,9208,5,13,0,2754
Burnie (C),67,2546,113,80,11725,48,18,7,4450
Central Coast (M),38,2691,95,68,13288,12,12,4,4456
Central Highlands (M),10,240,6,0,1619,0,0,0,364
Circular Head (M),5,1100,35,9,5094,4,4,0,1703
Clarence (C),148,5869,309,168,33425,25,47,25,9611
Derwent Valley (M),44,1298,51,31,6403,3,12,3,1635
Devonport (C),48,2922,110,68,15502,19,71,7,5273
Dorset (M),7,814,34,15,4729,6,8,0,1388
Flinders (M),3,87,3,0,573,0,0,0,196
George Town (M),21,793,37,14,4298,3,3,0,1353
Glamorgan/Spring Bay (M),12,559,17,13,2836,0,0,0,756
Glenorchy (C),173,5209,232,140,30116,105,137,6,7291
Hobart (C),341,5742,647,874,25787,268,353,88,13603
Huon Valley (M),74,1918,137,86,8245,12,29,5,3487
Kentish (M),33,767,45,26,3379,0,4,0,1499
King Island (M),7,205,21,0,1015,0,8,0,384
Kingborough (M),163,3495,225,215,19133,55,22,23,7514
Latrobe (M),21,1038,35,39,5611,4,7,3,1872
Launceston (C),214,7227,480,327,40517,111,208,27,13114
Meander Valley (M),59,2097,91,74,12550,12,18,3,3450
Northern Midlands (M),22,1368,44,21,8563,0,3,4,2061
Sorell (M),58,1425,79,52,7715,4,13,0,2574
Southern Midlands (M),17,649,36,14,4086,0,5,0,866
Tasman (M),8,350,23,9,1242,0,0,0,604
Waratah/Wynyard (M),27,1735,92,58,8325,6,3,0,3166
West Coast (M),10,631,21,20,3237,23,10,0,1052
West Tamar (M),64,2323,140,91,13656,52,32,8,4442
Unincorporated Tas,0,12,0,0,42,0,0,0,35
No Usual Address,5,145,16,14,422,3,0,0,264
Alice Springs (T),155,3916,179,266,13473,86,96,25,5685
Alpurrurulam (CGC),88,21,0,0,189,0,0,0,48
Angurugu (CGC),5,79,0,0,657,0,0,0,67
Anmatjere (CGC),75,67,0,0,715,0,0,0,113
Arltarlpilta (CGC),25,37,0,0,157,0,0,0,26
Belyuen (CGC),36,29,0,0,58,0,0,0,52
Binjari (CGC),0,62,0,0,45,0,0,0,85
Borroloola (CGC),0,135,3,0,221,0,0,0,409
Coomalie (CGC),3,345,10,14,476,0,7,0,251
Cox Peninsula (CGC),3,57,6,3,149,0,0,0,79
Daguragu (CGC),37,60,0,3,374,0,0,0,70
Darwin (C),390,10076,606,1727,36412,350,763,59,15905
Elliott District (CGC),9,138,0,0,114,0,0,0,161
Jabiru (T),3,392,8,23,436,0,0,0,273
Jilkminggan (CGC),0,3,0,0,11,0,0,0,256
Katherine (T),50,1692,63,48,4400,14,9,3,1918
Kunbarllanjnja (CGC),4,125,0,0,342,0,0,0,411
Lajamanu (CGC),12,74,0,0,541,0,0,0,43
Litchfield (S),66,2821,124,278,7584,13,27,15,4637
Ltyentye Purte (CGC),0,31,0,0,496,0,0,0,15
Marngarr (CGC),7,28,0,0,226,0,0,0,12
Mataranka (CGC),0,43,7,0,116,0,0,0,86
Nauiyu Nambiyu (CGC),0,15,0,0,340,0,0,0,35
Numbulwar Numburindi (CGC),0,31,0,3,547,0,0,0,99
Nyirranggulung Mardrulk Ngadberre (CGC),7,65,3,0,716,0,0,0,139
Palmerston (C),92,4241,187,278,12607,43,124,7,6142
Pine Creek (CGC),8,61,0,3,177,0,0,0,103
Tapatjatjaka (CGC),0,122,0,0,78,0,0,0,19
Tennant Creek (T),337,598,30,29,1286,0,4,0,629
Thamarrurr (CGC),19,143,0,0,1677,0,0,0,84
Timber Creek (CGC),36,57,0,0,107,0,0,0,21
Tiwi Islands (CGC),5,151,0,0,1820,0,0,0,157
Walangeri Ngumpinku (CGC),45,148,5,0,43,0,0,0,221
Wallace Rockhole (CGC),0,9,0,0,73,0,0,0,8
Watiyawanu (CGC),0,10,0,0,251,0,0,0,5
Yuendumu (CGC),0,66,0,3,567,0,0,0,60
Yugul Mangi (CGC),4,178,0,0,971,0,0,0,487
Unincorporated NT,2338,6468,146,144,16036,23,54,9,5312
No Usual Address,12,441,18,16,912,0,11,0,488
Unincorporated ACT,2107,33012,2572,7122,194825,3271,4363,572,75488
No Usual Address,14,102,18,22,343,5,10,4,198
Unincorporated OT,24,217,13,409,628,0,698,0,308
No Usual Address,0,11,0,0,4,0,3,0,3
