Rent (weekly) Ranges (RNTD01),lga,$0 - $49,$50 - $74,$75 - $99,$100 - $119,$120 - $139,$140 - $159,$160 - $179,$180 - $199,$200 - $224,$225 - $249,$250 - $274,$275 - $299,$300 - $349,$350 - $449,$450 - $549,$550 and over,Not stated,Not applicable,
,Albury (C),152,358,520,674,616,608,569,465,483,290,273,117,191,88,25,63,174,14602,
,Armidale Dumaresq (A),181,168,190,237,293,375,367,325,356,145,112,36,59,33,3,30,87,6796,
,Ashfield (A),144,136,85,89,102,142,221,371,899,890,1081,452,694,601,146,105,145,10845,
,Auburn (A),179,291,148,192,169,279,559,737,877,666,1041,545,852,578,175,109,257,14734,
,Ballina (A),206,256,151,190,204,289,304,312,574,353,510,266,428,261,44,58,143,12586,
,Balranald (A),78,26,23,32,45,37,15,3,10,0,0,0,0,0,0,3,21,863,
,Bankstown (C),636,1781,837,930,656,457,374,553,1897,1714,2239,1049,1263,627,60,204,689,44692,
,Bathurst Regional (A),214,251,205,248,293,345,377,418,477,269,192,106,130,42,3,32,120,11255,
,Baulkham Hills (A),399,112,96,137,136,125,139,109,213,170,474,645,2103,1938,591,357,247,46416,
,Bega Valley (A),273,177,155,206,226,372,388,289,293,121,207,62,62,25,17,44,116,12617,
,Bellingen (A),92,79,54,97,82,125,143,121,173,84,82,9,26,4,0,11,37,4576,
,Berrigan (A),111,60,82,87,90,88,62,22,24,13,16,3,3,3,0,11,21,3078,
,Blacktown (C),666,2046,1398,1387,1057,1052,1529,2405,4374,3236,2856,880,1196,933,126,312,1032,67007,
,Bland (A),132,50,49,56,60,35,28,16,24,18,16,10,12,7,3,0,30,2391,
,Blayney (A),77,38,49,41,58,97,82,38,26,7,6,0,0,4,0,3,14,2328,
,Blue Mountains (C),212,217,148,176,193,296,426,629,1065,688,614,226,251,136,21,54,135,27350,
,Bogan (A),75,29,33,64,52,29,10,9,8,0,0,0,3,0,0,5,15,1087,
,Bombala (A),59,29,15,33,37,21,3,0,0,0,0,0,0,0,0,0,9,1178,
,Boorowa (A),74,21,12,18,33,22,4,0,0,0,0,0,0,0,0,0,16,1131,
,Botany Bay (C),184,593,143,179,145,129,102,248,783,583,426,160,412,662,185,103,191,9512,
,Bourke (A),130,48,36,57,70,42,14,9,8,0,3,0,0,0,0,3,26,1022,
,Brewarrina (A),82,60,55,52,23,6,3,0,3,0,0,0,0,0,0,7,25,498,
,Broken Hill (C),170,138,136,297,312,186,61,18,25,6,3,0,10,9,8,14,59,8112,
,Burwood (A),147,148,69,67,52,49,77,111,272,232,426,351,789,628,140,81,127,7913,
,Byron (A),186,124,78,90,114,170,153,160,321,238,420,221,532,424,90,119,115,10103,
,Cabonne (A),229,61,62,95,124,94,53,31,21,7,8,3,0,4,0,11,49,4513,
,Camden (A),128,113,55,68,58,96,64,81,269,445,598,243,430,283,45,18,88,13915,
,Campbelltown (C),370,1187,1081,890,676,818,1358,1746,2753,1301,944,254,269,156,27,131,533,35788,
,Canada Bay (A),260,286,98,116,82,94,102,87,236,225,451,482,1524,2271,741,510,220,20515,
,Canterbury (C),462,1062,438,529,492,1321,2230,1929,2021,984,1288,760,1238,685,102,182,579,33834,
,Carrathool (A),139,23,25,24,30,42,20,3,5,0,0,0,0,3,0,3,18,1117,
,Central Darling (A),123,41,37,52,11,9,0,0,0,0,0,0,0,0,0,0,25,923,
,Cessnock (C),193,198,183,279,346,480,601,508,425,150,99,34,59,10,5,39,149,15398,
,Clarence Valley (A),344,265,248,384,493,610,649,487,464,172,143,28,37,44,27,61,157,17669,
,Cobar (A),112,92,44,75,96,103,49,21,32,9,9,5,3,5,0,4,42,1615,
,Coffs Harbour (C),331,474,279,411,571,679,747,645,982,678,775,309,360,165,42,104,240,21004,
,Conargo (A),88,4,11,9,6,7,0,0,0,0,0,0,0,0,0,3,15,590,
,Coolamon (A),64,38,24,32,23,18,9,11,7,3,0,0,0,0,0,0,3,1498,
,Cooma-Monaro (A),90,67,77,110,89,89,82,90,67,21,20,10,8,7,0,14,26,3895,
,Coonamble (A),118,63,70,91,55,41,8,3,8,0,0,0,0,0,0,0,42,1590,
,Cootamundra (A),79,76,71,94,91,86,64,24,24,0,8,0,0,0,0,12,18,2770,
,Corowa Shire (A),75,40,44,101,121,120,116,104,84,19,18,4,7,0,3,11,27,4293,
,Cowra (A),102,129,125,121,153,156,183,86,60,13,12,0,8,5,3,14,45,4482,
,Deniliquin (A),56,72,104,116,97,150,84,32,19,6,3,3,4,0,0,7,37,2679,
,Dubbo (C),197,285,279,358,392,379,514,490,436,157,124,57,65,37,3,37,127,11200,
,Dungog (A),82,26,17,38,57,83,52,32,53,14,6,3,8,3,0,10,23,3109,
,Eurobodalla (A),220,191,181,254,273,339,394,369,528,253,224,73,56,30,22,43,137,17734,
,Fairfield (C),511,1239,674,963,1001,1566,1495,1430,2203,1516,1698,512,527,163,48,150,668,42404,
,Forbes (A),145,103,96,102,104,159,136,51,21,4,5,3,3,3,0,12,67,3180,
,Gilgandra (A),67,24,70,62,106,36,8,3,0,0,0,0,0,0,0,8,17,1609,
,Glen Innes Severn (A),97,87,141,93,152,125,59,9,8,3,0,0,0,0,0,11,33,3301,
,Gloucester (A),72,18,32,63,70,54,62,27,13,3,7,5,0,0,0,3,19,1968,
,Gosford (C),531,930,406,580,576,611,808,1261,2286,1763,1876,769,1044,635,141,161,441,57058,
,Goulburn Mulwaree (A),186,205,276,265,273,367,330,348,238,67,99,13,17,9,6,28,126,9122,
,Greater Taree (C),282,267,284,365,500,588,520,478,486,174,166,39,45,13,8,33,157,16204,
,Greater Hume Shire (A),152,57,71,100,70,76,42,16,30,12,11,9,0,0,0,3,41,3522,
,Great Lakes (A),225,158,110,251,237,327,416,309,436,298,304,97,104,48,18,35,97,16772,
,Griffith (C),237,148,129,193,249,257,238,306,352,158,78,25,53,10,9,30,119,6799,
,Gundagai (A),80,31,25,47,54,32,14,9,6,0,0,0,4,0,0,4,19,1314,
,Gunnedah (A),161,116,96,167,212,183,109,58,45,6,18,3,9,3,0,4,52,3782,
,Guyra (A),75,29,48,61,65,26,3,4,0,0,0,0,0,0,0,9,13,1570,
,Gwydir (A),184,57,56,63,62,19,3,3,3,0,0,0,0,0,0,3,42,2240,
,Harden (A),83,16,27,42,52,34,11,4,5,0,0,0,0,3,0,3,16,1478,
,Hastings (A),348,374,286,354,442,606,640,682,974,709,681,289,323,164,26,76,235,24848,
,Hawkesbury (C),245,244,149,234,285,236,383,356,796,624,556,241,270,140,49,57,183,17904,
,Hay (A),82,27,37,73,62,72,19,0,0,0,0,0,0,0,0,7,25,1205,
,Holroyd (C),275,818,385,375,309,273,479,749,1664,1759,1944,649,654,209,29,108,359,23304,
,Hornsby (A),465,328,174,178,144,157,154,202,441,611,1239,975,2244,2209,641,331,325,45155,
,Hunter's Hill (A),56,138,30,34,16,16,13,29,48,31,49,38,100,160,100,162,36,3920,
,Hurstville (C),260,408,168,177,166,194,269,466,976,597,867,545,1175,664,123,113,234,21416,
,Inverell (A),213,116,128,214,203,196,171,79,68,14,11,3,0,7,3,16,87,5412,
,Jerilderie (A),78,20,18,19,17,3,0,3,0,0,3,0,0,0,0,0,16,645,
,Junee (A),58,48,45,64,51,48,25,16,13,0,0,0,0,0,0,0,28,1783,
,Kempsey (A),183,229,167,242,291,400,337,302,279,92,78,25,26,25,26,35,101,10125,
,Kiama (A),67,27,17,47,44,65,76,82,170,153,205,130,169,45,14,14,39,7422,
,Kogarah (A),209,74,43,52,55,72,99,139,547,594,779,474,876,610,110,99,143,15753,
,Ku-ring-gai (A),266,79,18,47,29,35,29,23,83,71,143,174,452,712,623,1235,141,32069,
,Kyogle (A),128,66,78,98,113,107,54,38,33,10,5,0,0,0,0,6,30,3420,
,Lachlan (A),199,77,88,110,93,63,18,7,8,3,0,0,0,0,0,6,39,2494,
,Lake Macquarie (C),619,1038,709,1048,944,1035,1248,1545,2308,1356,1301,510,509,360,46,155,485,59635,
,Lane Cove (A),149,157,47,46,41,31,36,41,136,194,495,443,599,534,270,328,72,9499,
,Leeton (A),122,94,86,109,109,151,112,123,73,11,11,3,0,0,0,5,25,3483,
,Leichhardt (A),236,395,154,125,180,143,220,236,428,288,405,301,958,2041,1245,917,203,15638,
,Lismore (C),268,275,211,338,463,552,545,471,577,299,277,85,122,41,13,38,140,13047,
,Lithgow (C),131,163,125,214,300,339,220,123,103,31,21,6,4,6,0,24,62,7238,
,Liverpool (C),483,1277,630,787,863,988,1259,1052,1792,1306,1702,784,1011,440,72,170,541,39939,
,Liverpool Plains (A),157,80,92,113,106,88,35,5,11,0,3,0,0,0,0,11,46,2746,
,Lockhart (A),64,20,19,26,20,16,13,0,4,0,0,0,0,0,0,0,12,1195,
,Maitland (C),179,415,310,366,477,446,498,593,668,484,412,276,216,39,7,56,179,18315,
,Manly (A),125,102,64,51,51,61,62,52,138,122,259,273,681,1209,694,993,143,12396,
,Marrickville (A),267,401,232,251,240,403,637,874,1484,955,1081,675,1711,1954,617,331,289,20792,
,Mid-Western Regional (A),218,153,124,184,232,243,218,205,194,93,61,18,35,11,14,16,78,7973,
,Moree Plains (A),385,178,137,209,229,175,98,81,104,42,51,21,26,19,9,19,106,4282,
,Mosman (A),110,28,18,28,12,22,25,36,153,222,328,276,605,689,354,773,95,8863,
,Murray (A),84,39,19,34,45,59,54,43,84,41,35,11,11,6,4,10,35,2518,
,Murrumbidgee (A),73,11,26,38,47,40,32,13,6,0,0,0,0,0,0,0,14,790,
,Muswellbrook (A),179,118,132,158,145,191,237,160,150,75,52,22,50,7,5,18,80,4441,
,Nambucca (A),132,186,170,171,161,214,200,188,216,80,45,8,16,11,12,19,65,6727,
,Narrabri (A),265,129,151,202,209,127,94,69,88,20,16,0,10,5,0,23,76,4372,
,Narrandera (A),91,60,78,112,90,74,18,4,17,0,0,0,0,0,0,3,17,2217,
,Narromine (A),115,68,80,80,111,94,67,21,13,0,0,0,0,0,0,7,30,2208,
,Newcastle (C),617,1685,695,869,1103,1217,1378,1707,2654,1689,1728,685,999,753,189,273,594,44567,
,North Sydney (A),354,234,103,82,78,89,82,152,463,565,1045,972,2438,3425,1728,1886,305,19932,
,Oberon (A),51,34,22,37,43,50,56,43,48,8,8,0,0,0,0,11,27,1990,
,Orange (C),160,323,230,258,327,422,473,431,495,297,213,79,120,57,14,37,164,10846,
,Palerang (A),91,20,28,40,38,48,44,48,64,16,43,19,40,52,21,11,30,4822,
,Parkes (A),173,161,164,190,194,146,164,80,72,26,7,8,8,0,0,19,71,4871,
,Parramatta (C),600,1604,610,707,533,501,737,1255,2804,2200,2517,1571,2161,974,150,276,703,38780,
,Penrith (C),449,812,484,480,570,956,1057,1032,2853,2328,2022,535,712,328,59,138,468,46959,
,Pittwater (A),184,30,23,34,35,48,39,59,147,107,195,161,450,733,561,617,105,19096,
,Port Stephens (A),228,323,245,274,498,584,597,608,869,454,503,240,267,121,20,66,192,22848,
,Queanbeyan (C),103,194,143,240,412,431,413,339,426,221,348,209,362,243,56,51,109,10847,
,Randwick (C),609,1335,489,438,381,339,273,284,651,682,1539,1409,4215,4237,1803,1407,592,32485,
,Richmond Valley (A),167,125,142,230,315,289,253,191,219,87,57,35,32,13,3,18,86,7230,
,Rockdale (C),338,315,163,200,167,171,213,435,1382,1157,1414,893,1793,1253,207,167,298,27501,
,Ryde (C),389,610,270,248,213,198,364,697,1267,1056,1244,868,1573,1705,476,314,388,28177,
,Shellharbour (C),161,411,305,339,335,373,311,365,893,628,534,186,262,97,11,49,163,17512,
,Shoalhaven (C),469,520,432,655,653,787,1053,930,1134,497,458,127,116,48,20,71,280,40360,
,Singleton (A),156,121,84,99,140,156,171,158,210,121,164,77,110,64,8,20,70,6467,
,Snowy River (A),92,20,15,36,41,38,30,22,43,17,37,16,29,33,12,95,44,4479,
,Strathfield (A),113,203,94,55,57,42,60,166,343,255,382,358,772,711,121,91,138,8035,
,Sutherland Shire (A),500,741,339,321,309,377,451,601,1241,1396,2009,1206,2319,2290,586,422,438,65463,
,Sydney (C),907,2999,783,852,610,575,739,968,1624,1186,1885,1629,4856,8434,4162,4108,1170,49024,
,Tamworth Regional (A),420,395,301,514,585,643,609,552,563,281,242,78,126,50,9,53,208,17085,
,Temora (A),76,49,64,51,73,92,43,13,10,0,0,0,0,0,0,8,24,2218,
,Tenterfield (A),100,70,97,74,133,88,24,9,3,0,3,0,3,0,0,3,32,2784,
,Tumbarumba (A),62,23,37,63,45,49,10,9,12,0,3,0,3,0,3,0,18,1335,
,Tumut Shire (A),159,97,114,144,161,143,83,63,60,10,14,3,3,4,8,25,47,4053,
,Tweed (A),421,358,257,422,377,504,560,595,1148,761,983,532,868,453,90,82,291,27955,
,Upper Hunter Shire (A),316,95,104,131,166,203,120,78,104,31,19,4,20,9,3,13,89,4708,
,Upper Lachlan (A),168,30,43,49,41,46,27,13,16,3,5,0,0,0,0,3,23,3174,
,Uralla (A),103,31,31,61,66,38,24,16,15,5,6,5,0,3,0,3,27,2123,
,Urana (A),57,26,15,5,6,3,0,0,0,0,0,0,0,0,0,3,8,518,
,Wagga Wagga (C),320,433,387,610,809,652,544,552,793,440,362,162,178,87,7,53,203,16562,
,Wakool (A),156,27,52,41,29,43,18,0,3,0,0,0,3,3,0,5,22,1748,
,Walcha (A),86,37,30,37,43,24,5,0,3,0,0,0,0,0,0,0,23,1254,
,Walgett (A),365,123,113,110,81,68,40,25,17,5,3,0,6,0,0,10,84,3105,
,Warren (A),90,27,65,51,52,22,10,0,3,0,0,0,0,0,0,5,15,1056,
,Warringah (A),417,514,245,236,169,147,121,170,527,508,1110,1061,1944,2653,1456,1136,367,41743,
,Warrumbungle Shire (A),204,92,141,182,147,74,21,7,14,0,0,0,0,3,3,12,54,3974,
,Waverley (A),324,235,74,85,68,75,83,157,393,352,662,547,1720,2611,1252,1502,293,19933,
,Weddin (A),73,37,38,34,38,28,5,3,5,0,0,0,0,0,0,3,13,1577,
,Wellington (A),114,102,113,131,134,103,32,16,18,10,4,0,3,0,3,6,39,2960,
,Wentworth (A),141,46,67,110,85,83,35,23,33,0,8,0,3,0,0,7,31,2404,
,Willoughby (C),296,177,93,76,65,50,58,89,108,132,353,456,1566,2243,1114,1087,227,19031,
,Wingecarribee (A),236,172,114,162,173,278,248,303,513,260,274,154,205,135,35,40,112,15654,
,Wollondilly (A),202,59,40,94,79,129,120,181,366,231,184,49,89,88,26,19,73,12269,
,Wollongong (C),682,1983,1267,1308,1417,1530,1414,1429,2331,1454,1712,836,1096,643,166,277,683,56931,
,Woollahra (A),319,60,28,32,39,67,99,124,255,201,323,315,919,1550,947,1900,225,18290,
,Wyong (A),495,668,440,572,652,846,1182,1655,2691,1561,1332,586,631,208,32,116,362,48487,
,Yass Valley (A),163,49,47,72,75,80,59,55,103,35,56,20,42,45,18,9,52,4511,
,Young (A),123,86,98,117,131,171,146,83,122,17,23,3,3,3,0,14,59,4025,
,Unincorporated NSW,81,11,10,6,3,8,3,0,10,3,3,0,8,3,3,0,18,534,
,Alpine (S),112,72,73,129,128,141,132,86,64,22,12,11,13,10,9,100,68,5525,
,Ararat (RC),139,97,96,110,191,95,43,25,18,6,4,0,4,3,0,6,44,4259,
,Ballarat (C),317,600,689,822,746,999,1284,1075,876,399,334,103,180,48,14,88,274,27406,
,Banyule (C),373,581,384,333,357,380,611,971,1566,1020,910,431,507,306,87,132,360,36963,
,Bass Coast (S),190,156,132,168,267,382,368,247,173,48,37,11,12,8,4,29,101,19186,
,Baw Baw (S),265,204,180,261,315,281,317,253,206,62,65,23,33,4,11,30,118,13217,
,Bayside (C),315,413,249,200,194,148,197,254,510,418,517,402,741,755,426,768,239,30122,
,Benalla (RC),89,126,96,107,158,195,153,141,108,25,14,3,9,3,0,13,41,4951,
,Boroondara (C),666,388,277,310,252,337,567,912,1691,1535,1635,1068,1733,1580,722,895,453,48067,
,Brimbank (C),503,336,373,684,909,1067,1688,1856,1480,585,388,109,126,71,28,130,477,49280,
,Buloke (S),132,76,61,59,53,13,0,0,0,0,3,3,0,0,3,7,19,2874,
,Campaspe (S),346,312,258,355,329,340,310,282,251,101,78,32,33,12,4,28,144,12433,
,Cardinia (S),259,127,123,117,136,267,479,565,499,257,199,67,69,36,11,26,139,17662,
,Casey (C),409,390,383,405,391,867,1628,2122,2437,1239,881,323,276,119,19,134,475,62455,
,Central Goldfields (S),85,140,115,131,190,183,68,17,16,3,3,0,0,0,0,16,41,4987,
,Colac-Otway (S),179,142,117,170,196,241,194,139,116,35,25,5,6,10,0,35,90,9093,
,Corangamite (S),289,135,107,202,197,139,49,27,28,6,19,0,9,18,7,17,99,6235,
,Darebin (C),527,1048,506,627,1060,1502,1700,1781,2228,1155,1165,601,902,513,94,244,579,39111,
,East Gippsland (S),376,349,292,332,437,487,372,265,248,78,65,34,21,25,12,40,172,17402,
,Frankston (C),283,511,418,538,767,1070,1552,1749,1812,653,495,174,215,136,38,105,360,38131,
,Gannawarra (S),173,97,96,174,180,110,23,15,15,0,3,0,0,0,0,9,39,4271,
,Glen Eira (C),558,242,214,292,592,1103,1189,1234,1519,1233,1331,943,1384,997,334,355,462,40451,
,Glenelg (S),177,153,169,199,233,187,154,97,54,31,19,11,14,3,4,26,79,7665,
,Golden Plains (S),83,19,26,46,42,30,31,33,45,19,14,3,0,0,3,3,23,5770,
,Greater Bendigo (C),391,698,541,657,791,1096,1223,1090,1061,475,361,125,123,46,11,66,288,30642,
,Greater Dandenong (C),463,642,459,782,1638,1990,2098,1647,1251,413,207,56,55,78,40,229,496,34884,
,Greater Geelong (C),790,1188,1179,1464,1522,2135,2355,2092,2049,881,736,294,374,233,40,175,594,70039,
,Greater Shepparton (C),306,438,350,474,497,699,767,541,546,226,170,61,98,37,15,62,230,17723,
,Hepburn (S),104,84,61,90,92,121,113,105,68,26,17,5,5,9,0,14,47,6490,
,Hindmarsh (S),106,58,47,57,51,29,7,3,5,0,0,0,0,0,0,0,16,2623,
,Hobsons Bay (C),286,364,257,320,396,556,895,1104,1163,512,481,224,440,322,93,150,291,26132,
,Horsham (RC),132,193,164,162,229,271,198,101,104,42,38,13,18,3,3,20,67,6513,
,Hume (C),332,385,336,383,348,524,964,1406,1793,701,408,115,142,86,25,102,376,42036,
,Indigo (S),109,71,44,98,120,131,91,74,84,31,17,10,11,3,0,11,32,5248,
,Kingston (C),424,412,282,403,686,1075,1189,1233,1673,1070,944,452,639,459,110,155,384,45111,
,Knox (C),292,343,240,245,264,475,619,962,1428,1038,865,337,329,158,40,94,288,45666,
,Latrobe (C),330,771,941,890,1061,833,484,297,251,87,95,48,55,19,9,77,239,23797,
,Loddon (S),165,86,65,85,56,33,4,5,9,0,0,0,0,3,3,8,34,3509,
,Macedon Ranges (S),196,97,63,140,101,198,191,209,251,160,102,39,55,34,6,18,81,13357,
,Manningham (C),326,72,65,92,82,103,149,245,610,679,778,437,665,502,157,144,202,35763,
,Mansfield (S),81,35,19,64,64,75,53,51,63,16,16,5,0,4,8,7,29,4592,
,Maribyrnong (C),312,702,386,633,881,900,872,756,995,679,636,327,388,155,47,150,347,18715,
,Maroondah (C),222,295,240,226,296,517,929,1182,1471,835,572,205,222,112,18,86,238,32327,
,Melbourne (C),602,563,260,321,271,413,521,763,1230,1308,1729,1756,3855,4060,1193,1117,607,20675,
,Melton (S),166,91,103,128,136,338,558,668,757,347,308,74,55,30,4,39,173,23954,
,Mildura (RC),405,431,366,472,583,694,647,558,461,189,121,36,56,19,17,65,217,15890,
,Mitchell (S),142,155,117,175,258,339,312,220,203,84,85,19,24,17,4,26,91,9830,
,Moira (S),281,172,157,240,283,317,234,126,180,49,55,11,18,15,0,38,98,10076,
,Monash (C),508,423,304,285,257,374,681,976,2067,1716,1574,923,1348,806,172,266,486,49834,
,Moonee Valley (C),406,1175,540,543,624,975,884,894,1425,939,1053,593,766,409,90,173,465,34158,
,Moorabool (S),112,82,114,113,122,197,206,164,143,53,37,6,8,9,0,14,64,8738,
,Moreland (C),585,638,371,542,822,1378,1751,1782,2155,1309,1403,772,1100,682,126,236,518,43137,
,Mornington Peninsula (S),587,360,310,455,706,1109,1398,1146,1163,577,620,213,328,199,65,111,312,68281,
,Mount Alexander (S),118,117,56,99,132,182,195,164,127,21,21,8,7,3,0,10,47,6967,
,Moyne (S),282,83,59,109,96,118,88,70,83,7,26,3,14,23,3,16,55,6037,
,Murrindindi (S),108,66,47,81,125,103,87,60,67,17,11,6,10,3,3,13,46,6534,
,Nillumbik (S),158,54,91,54,66,54,70,106,204,179,219,89,162,141,38,29,69,18336,
,Northern Grampians (S),119,100,133,169,193,114,57,25,34,8,5,0,3,8,3,15,58,4989,
,Port Phillip (C),447,936,412,591,561,896,1273,1329,1946,1446,1801,1266,2354,2581,1088,1089,532,28674,
,Pyrenees (S),100,46,50,61,60,20,5,4,5,0,0,0,0,0,0,5,20,3000,
,Queenscliffe (B),36,23,9,10,20,27,41,41,37,17,11,3,5,3,0,3,13,2359,
,South Gippsland (S),300,137,134,165,213,242,188,93,66,22,18,6,13,6,0,23,78,12225,
,Southern Grampians (S),213,166,181,144,159,119,74,75,86,19,39,18,33,19,5,11,55,6369,
,Stonnington (C),486,674,276,300,284,566,999,1241,1552,1345,1481,981,1705,1823,646,815,466,29420,
,Strathbogie (S),138,51,56,99,88,94,54,17,25,9,6,5,0,0,0,6,49,4143,
,Surf Coast (S),150,41,46,71,74,123,119,142,214,100,150,74,132,91,7,15,55,12904,
,Swan Hill (RC),279,222,226,196,224,291,205,147,124,36,39,6,12,6,3,23,111,6678,
,Towong (S),96,38,60,60,50,40,24,13,11,7,8,0,0,0,0,0,14,2609,
,Wangaratta (RC),206,182,166,215,310,327,254,192,163,48,47,20,19,8,0,14,105,9276,
,Warrnambool (C),120,234,216,225,305,367,316,358,426,249,203,68,91,37,10,38,106,9381,
,Wellington (S),358,287,283,422,589,468,276,118,119,73,80,22,20,11,3,40,165,16340,
,West Wimmera (S),145,44,37,45,17,3,0,0,0,0,0,0,0,0,0,0,29,1925,
,Whitehorse (C),629,522,340,404,329,444,605,1071,1687,1398,1403,721,941,580,122,226,448,47593,
,Whittlesea (C),311,139,155,203,194,394,721,1224,1651,741,526,147,179,69,22,74,275,35560,
,Wodonga (RC),91,302,246,285,387,406,545,475,423,280,231,91,113,61,9,39,171,9157,
,Wyndham (C),222,162,167,200,332,657,1042,1445,1181,459,473,171,238,141,27,81,231,33677,
,Yarra (C),419,1179,654,706,506,608,772,728,796,640,993,915,2184,2386,621,462,509,19702,
,Yarra Ranges (S),481,253,212,297,379,575,731,840,1150,636,412,160,154,97,33,72,263,46918,
,Yarriambiack (S),111,76,72,68,33,17,0,0,4,0,0,0,0,0,0,4,30,3183,
,Unincorporated Vic,39,3,0,0,0,0,0,3,5,3,0,3,3,5,6,187,43,1224,
,Aramac (S),46,26,7,3,0,0,0,0,0,0,0,0,0,0,0,0,3,322,
,Atherton (S),95,76,70,144,185,191,121,127,144,38,45,11,8,5,3,15,48,3641,
,Aurukun (S),104,0,0,0,0,0,0,0,0,0,0,0,0,0,0,0,6,123,
,Badu (IC),31,70,21,38,17,7,0,0,0,0,0,0,0,0,0,0,16,94,
,Balonne (S),209,65,45,54,68,31,42,31,28,5,0,0,4,0,0,6,33,1603,
,Bamaga (IC),84,36,44,23,0,0,0,0,0,0,0,0,0,0,0,0,8,33,
,Banana (S),328,180,151,167,137,151,80,64,65,27,40,14,36,43,8,12,117,4298,
,Barcaldine (S),77,31,6,39,16,10,0,0,3,0,0,0,0,0,0,0,9,679,
,Barcoo (S),25,11,13,3,0,0,0,0,0,0,0,0,0,0,0,3,4,188,
,Bauhinia (S),158,30,22,16,15,13,5,4,20,0,9,0,0,3,0,5,53,936,
,Beaudesert (S),281,95,99,186,198,245,191,221,377,203,433,208,322,158,14,24,125,19252,
,Belyando (S),459,359,176,92,53,72,18,29,32,7,15,6,15,14,39,119,114,2738,
,Bendemere (S),43,7,8,7,5,0,0,0,0,0,0,0,0,0,0,0,7,396,
,Biggenden (S),36,12,15,11,16,17,3,0,0,0,0,0,0,0,0,0,4,667,
,Blackall (S),52,11,13,53,18,5,0,0,4,0,0,0,0,0,0,3,9,716,
,Boigu (IC),56,3,0,0,0,0,0,0,0,0,0,0,0,0,0,0,0,16,
,Boonah (S),113,28,27,53,74,80,77,61,39,12,14,0,9,0,0,3,20,3129,
,Booringa (S),79,22,26,25,18,7,3,0,0,0,0,0,0,0,0,0,7,777,
,Boulia (S),32,18,12,10,0,5,0,0,0,0,0,0,0,0,0,0,5,161,
,Bowen (S),211,106,73,187,183,226,139,93,93,35,46,13,33,23,15,20,116,4726,
,Brisbane (C),3163,5345,2829,3659,4605,5774,6470,7054,13071,12714,16952,9854,12809,9508,2693,2604,3283,278481,
,Broadsound (S),552,264,26,66,36,20,8,9,18,0,4,0,13,7,14,33,83,1847,
,Bulloo (S),25,3,15,6,4,0,0,0,0,0,0,0,0,0,0,0,7,164,
,Bundaberg (C),176,353,257,432,647,796,705,661,687,267,229,68,26,10,7,30,139,13787,
,Bungil (S),71,12,21,16,8,0,0,0,0,0,4,0,0,0,0,0,12,872,
,Burdekin (S),271,112,156,257,353,313,189,80,41,12,17,0,6,5,0,10,71,5927,
,Burke (S),30,16,6,7,4,5,0,0,0,0,0,0,0,0,0,0,11,229,
,Burnett (S),165,49,57,121,173,211,234,236,302,157,155,57,72,39,15,24,72,9764,
,Caboolture (S),396,536,376,506,515,858,1196,1628,2329,1625,1559,618,510,178,31,82,353,38385,
,Cairns (C),619,736,502,731,1166,1556,1748,1546,1900,1142,1890,939,1342,792,197,743,754,39794,
,Calliope (S),122,35,56,67,71,79,91,80,181,106,108,54,78,44,8,16,41,5323,
,Caloundra (C),359,317,211,251,291,404,429,525,1130,989,1418,913,1237,731,176,228,298,31005,
,Cambooya (S),39,3,5,15,22,38,32,31,22,9,14,6,10,4,0,0,5,1823,
,Cardwell (S),140,49,52,131,206,203,166,55,65,27,26,12,17,8,5,35,61,3420,
,Carpentaria (S),112,32,36,20,31,26,27,9,8,3,0,0,0,0,9,6,33,927,
,Charters Towers (C),107,75,73,96,149,138,103,68,71,18,27,3,3,7,4,9,39,2436,
,Cherbourg (S),25,102,88,12,0,0,0,0,0,0,0,0,0,0,0,3,9,27,
,Chinchilla (S),86,49,35,65,68,45,32,29,42,17,34,8,26,42,15,3,38,2153,
,Clifton (S),40,10,17,26,40,32,29,9,3,0,0,0,0,0,0,0,8,939,
,Cloncurry (S),149,78,67,37,43,16,10,19,22,5,12,10,8,12,3,4,35,854,
,Cook (S),135,52,23,37,32,42,34,29,35,4,12,3,12,12,5,13,72,1509,
,Cooloola (S),236,164,139,256,379,453,411,487,389,146,103,33,40,22,16,33,113,12921,
,Crow's Nest (S),76,15,25,41,41,60,37,31,34,23,54,50,64,7,0,0,17,4130,
,Croydon (S),10,0,7,8,4,0,0,0,0,0,0,0,0,0,0,0,8,115,
,Dalby (T),62,49,65,90,135,120,138,116,142,58,56,19,19,9,0,3,37,2946,
,Dalrymple (S),134,13,9,19,19,9,9,3,8,8,3,0,0,3,0,0,13,1516,
,Dauan (IC),3,11,11,0,0,0,0,0,0,0,0,0,0,0,0,0,5,24,
,Diamantina (S),18,4,21,25,0,0,0,0,0,0,0,0,0,0,0,3,13,129,
,Doomadgee (S),72,23,3,0,0,0,0,0,0,0,0,0,0,0,0,6,21,80,
,Douglas (S),123,68,69,104,81,169,102,89,139,79,171,82,113,131,38,449,178,4729,
,Duaringa (S),479,173,68,62,36,64,7,14,14,6,14,9,35,69,29,23,83,1899,
,Eacham (S),73,42,39,51,73,82,56,55,46,20,17,6,3,0,3,8,18,2316,
,Eidsvold (S),31,23,26,17,11,3,0,0,0,0,0,0,0,0,0,0,4,303,
,Emerald (S),253,214,103,115,111,97,60,63,131,81,93,52,197,153,36,12,121,4628,
,Erub (IC),51,8,0,0,0,0,0,0,0,0,0,0,0,0,0,0,3,23,
,Esk (S),137,36,44,100,107,183,136,84,91,39,36,7,8,5,0,4,47,5496,
,Etheridge (S),51,15,11,4,4,4,0,0,3,0,0,0,0,0,0,0,27,470,
,Fitzroy (S),92,36,45,68,67,78,67,84,66,31,37,7,11,0,0,7,22,3326,
,Flinders (S),87,50,19,41,25,5,0,0,0,0,0,0,0,3,0,3,13,721,
,Gatton (S),97,57,71,88,134,201,184,156,135,38,41,6,11,5,3,4,49,4782,
,Gayndah (S),56,35,45,45,59,45,21,5,9,0,0,0,0,0,0,4,28,943,
,Gladstone (C),125,200,183,207,270,337,443,314,483,238,310,104,111,33,16,23,119,8600,
,Gold Coast (C),1724,1564,847,1261,1232,1777,2069,2668,5886,5406,8055,5675,10231,7088,2151,2899,2329,158755,
,Goondiwindi (T),40,62,52,54,65,71,79,78,91,24,23,11,10,0,0,8,16,1297,
,Hammond (IC),26,10,0,0,0,0,0,0,0,0,0,0,0,0,0,0,3,43,
,Herberton (S),85,33,31,76,71,67,39,24,13,0,3,0,0,0,0,5,35,2016,
,Hervey Bay (C),258,232,176,260,355,511,534,695,1047,597,519,152,152,92,50,148,205,19170,
,Hinchinbrook (S),218,103,156,239,220,120,65,27,21,3,9,7,3,5,3,3,57,4362,
,Hope Vale (S),58,66,29,3,0,0,0,0,0,0,0,0,0,0,0,0,12,50,
,Iama (IC),25,19,4,3,8,0,0,0,0,0,0,0,0,0,0,0,0,28,
,Ilfracombe (S),11,4,7,8,3,0,0,0,0,0,0,0,0,0,0,0,3,124,
,Inglewood (S),74,33,26,62,36,16,0,0,0,0,0,0,0,0,0,4,19,1070,
,Injinoo (S),47,33,3,0,0,0,0,0,0,0,0,0,0,0,0,0,7,18,
,Ipswich (C),372,673,495,695,948,1402,2069,2022,2008,1061,1643,367,214,106,24,97,487,38710,
,Isis (S),68,22,28,35,55,69,53,58,36,12,11,0,14,17,0,8,21,2848,
,Isisford (S),24,5,7,0,0,0,0,0,0,0,0,0,0,0,0,0,3,168,
,Jericho (S),53,19,6,9,4,0,0,0,0,0,0,0,0,0,0,0,10,404,
,Johnstone (S),189,92,127,273,336,338,195,121,134,31,47,7,20,19,4,23,76,5916,
,Jondaryan (S),138,26,42,83,105,140,136,71,64,21,29,10,19,6,3,9,43,4109,
,Kilcoy (S),36,6,21,13,33,34,36,48,29,12,4,3,4,0,0,0,8,1246,
,Kilkivan (S),50,16,37,34,32,26,16,12,4,0,3,0,0,0,0,0,18,1362,
,Kingaroy (S),93,75,90,92,128,158,172,140,130,41,32,11,5,0,0,12,33,3803,
,Kolan (S),54,18,24,45,52,45,29,9,8,0,0,0,0,0,5,6,19,1805,
,Kowanyama (S),152,18,6,4,0,5,0,0,0,0,0,0,0,0,0,0,6,21,
,Kubin (IC),6,37,0,0,0,0,0,0,0,0,0,0,0,0,0,0,3,25,
,Laidley (S),89,23,33,72,89,101,154,146,128,54,47,8,8,6,0,12,30,4782,
,Livingstone (S),215,136,99,169,221,261,288,235,304,156,191,84,100,58,10,32,101,10092,
,Lockhart River (S),43,57,7,3,0,0,0,0,0,0,0,0,0,0,0,0,8,24,
,Logan (C),357,811,734,779,829,1221,1727,1978,3506,2217,1809,797,821,305,63,115,540,44305,
,Longreach (S),114,60,40,50,45,49,34,19,25,9,10,3,0,3,9,10,27,1334,
,Mabuiag (IC),7,10,15,3,3,0,0,0,0,3,0,0,0,0,0,0,3,21,
,Mackay (C),468,473,301,452,475,706,623,573,867,447,809,433,803,613,146,85,294,25484,
,McKinlay (S),43,21,5,14,5,0,3,0,0,0,0,0,0,0,0,0,13,364,
,Mapoon (S),25,27,0,0,0,0,0,0,0,0,0,0,0,0,0,0,12,24,
,Mareeba (S),321,174,165,220,194,209,155,91,93,44,36,9,9,17,0,16,111,5797,
,Maroochy (S),658,582,362,481,537,730,787,987,1893,1537,2039,1321,2032,1225,381,740,596,50428,
,Maryborough (C),134,159,146,269,363,344,351,427,286,71,53,4,13,5,3,31,90,8677,
,Mer (IC),37,25,7,0,0,0,0,0,0,0,0,0,0,0,0,0,13,43,
,Millmerran (S),99,27,28,51,48,35,18,9,3,0,0,0,0,0,0,3,22,1115,
,Mirani (S),75,23,45,51,45,30,18,9,17,4,8,6,5,5,0,8,27,1825,
,Miriam Vale (S),96,19,22,27,36,32,20,26,42,29,33,9,11,19,14,11,36,2486,
,Monto (S),64,41,33,49,43,13,7,0,0,0,0,0,0,4,0,4,7,1075,
,Mornington (S),151,42,9,12,0,5,0,4,0,0,0,0,0,0,0,4,10,57,
,Mount Isa (C),384,190,137,178,178,216,201,127,231,102,185,91,125,48,12,17,164,5603,
,Mount Morgan (S),24,23,35,74,73,23,14,3,0,0,0,0,3,0,0,4,19,1166,
,Mundubbera (S),88,56,33,27,38,32,4,0,0,0,0,0,0,0,0,0,21,791,
,Murgon (S),42,41,30,47,56,53,25,4,4,0,0,0,0,0,0,0,10,1212,
,Murilla (S),88,31,43,55,20,21,9,4,6,0,0,0,0,3,0,3,18,1038,
,Murweh (S),151,55,57,65,60,45,29,19,8,0,0,0,0,0,0,6,22,1691,
,Nanango (S),73,46,63,68,103,148,113,39,18,3,0,0,0,0,4,13,43,3637,
,Napranum (S),51,49,61,0,3,0,0,0,0,0,0,0,0,0,0,0,14,37,
,Nebo (S),321,70,9,20,0,9,3,3,3,0,6,0,6,3,3,12,46,665,
,New Mapoon (S),38,22,3,0,0,0,0,0,0,0,0,0,0,0,0,0,5,16,
,Noosa (S),257,158,96,131,150,208,202,289,616,557,818,468,545,438,208,742,260,19747,
,Palm Island (S),72,115,64,17,9,3,0,0,0,0,0,0,0,0,0,0,36,58,
,Paroo (S),97,28,83,24,16,0,0,0,0,0,0,0,0,0,0,3,15,871,
,Peak Downs (S),431,45,9,30,16,6,5,8,9,3,10,0,0,4,0,7,27,623,
,Perry (S),18,3,0,7,4,5,3,0,0,0,0,0,0,0,0,0,0,199,
,Pine Rivers (S),245,239,230,273,383,429,483,556,1341,1206,1382,754,868,338,63,68,219,41640,
,Pittsworth (S),69,19,15,39,83,82,34,23,19,5,5,3,8,0,0,7,17,1462,
,Pormpuraaw (S),127,3,0,0,0,0,0,0,0,0,0,0,0,0,0,0,8,19,
,Poruma (IC),21,8,4,0,0,0,0,0,0,0,0,0,0,0,0,0,6,6,
,Quilpie (S),57,19,6,27,17,3,0,0,0,0,0,0,0,0,0,0,9,438,
,Redcliffe (C),164,580,299,386,495,714,772,797,1016,642,619,278,299,128,35,84,218,15844,
,Redland (S),325,501,291,326,348,394,455,556,1216,1220,1675,892,1195,696,134,147,320,39642,
,Richmond (S),62,9,9,14,3,0,0,3,0,0,0,0,0,0,0,0,17,338,
,Rockhampton (C),352,453,353,567,842,1133,1027,727,583,246,257,85,114,66,12,49,244,17028,
,Roma (T),77,122,59,84,145,95,67,43,73,26,29,8,12,17,3,12,37,1921,
,Rosalie (S),94,26,42,61,47,64,58,48,37,13,20,3,5,3,0,6,18,3092,
,Saibai (IC),3,58,5,3,0,0,0,0,0,0,0,0,0,0,0,0,10,27,
,St Pauls (IC),48,3,4,0,0,0,0,0,0,0,0,0,0,0,0,0,8,34,
,Sarina (S),98,46,28,61,92,110,90,60,109,49,76,20,65,39,13,8,45,3495,
,Seisia (IC),22,9,4,0,0,0,0,0,0,0,0,0,0,0,0,3,3,26,
,Stanthorpe (S),98,47,70,165,205,196,88,40,20,0,3,0,0,0,0,8,36,3784,
,Tambo (S),41,12,4,11,3,0,0,0,0,0,0,0,0,0,0,0,7,212,
,Tara (S),164,44,58,45,23,23,0,0,0,0,0,0,0,0,0,0,26,1437,
,Taroom (S),137,24,28,34,13,3,0,0,0,0,0,0,0,0,0,0,18,1046,
,Thuringowa (C),167,189,202,242,388,558,429,485,690,523,674,430,429,71,20,40,184,16178,
,Tiaro (S),44,7,14,30,44,52,49,25,19,0,0,0,0,0,0,0,18,2209,
,Toowoomba (C),324,510,390,720,1171,1359,1423,1474,1577,938,696,285,284,86,23,74,268,26168,
,Torres (S),171,72,44,37,54,54,22,19,35,16,22,6,11,5,3,9,72,411,
,Townsville (C),459,653,429,660,1095,1490,1334,1281,1462,819,959,545,929,420,162,227,482,27729,
,Ugar (IC),10,3,3,0,0,0,0,0,0,0,0,0,0,0,0,0,0,9,
,Umagico (S),12,18,12,0,0,0,0,0,0,0,0,0,0,0,0,0,4,25,
,Waggamba (S),179,14,11,17,13,4,3,9,10,0,3,3,4,0,0,3,22,1008,
,Wambo (S),169,41,47,50,31,23,13,5,8,0,4,0,0,3,0,0,31,1907,
,Warraber (IC),20,15,9,0,0,0,0,0,0,0,0,0,0,0,0,0,3,10,
,Warroo (S),71,15,19,8,9,0,0,0,0,0,0,0,0,0,0,0,7,443,
,Warwick (S),169,76,122,242,283,346,327,197,153,56,42,15,3,4,3,12,64,7206,
,Weipa (T),470,24,8,10,8,17,8,4,13,10,11,5,23,21,29,28,84,477,
,Whitsunday (S),145,60,56,112,101,183,140,166,231,144,168,107,173,184,60,275,147,6214,
,Winton (S),54,30,20,23,12,3,0,3,0,0,0,0,0,0,0,0,17,676,
,Wondai (S),86,36,32,35,52,54,19,9,3,0,0,0,0,0,0,3,16,1701,
,Woocoo (S),31,3,5,15,12,19,5,7,10,3,9,0,0,0,0,0,11,1198,
,Woorabinda (S),42,72,25,12,7,10,3,0,0,0,0,0,0,0,0,3,19,69,
,Wujal Wujal (S),24,45,0,0,0,0,0,0,0,0,0,0,0,0,0,0,5,36,
,Yarrabah (S),55,60,168,23,4,3,0,0,0,0,0,0,0,0,0,0,24,144,
,Yorke (IC),25,27,0,0,0,0,0,0,0,0,0,0,0,0,0,0,12,33,
,Unincorporated Qld,0,0,0,0,0,0,0,0,0,0,0,0,0,0,0,0,0,70,
,Adelaide (C),139,308,123,102,93,163,188,192,335,238,348,279,500,418,109,143,156,5198,
,Adelaide Hills (DC),158,49,62,95,103,125,140,139,243,91,118,54,71,50,15,15,62,13209,
,Alexandrina (DC),159,83,81,124,120,255,297,171,148,45,48,10,9,3,8,16,66,10474,
,Anangu Pitjantjatjara (AC),307,42,12,8,3,0,0,0,0,0,0,0,0,0,0,3,51,311,
,Barossa (DC),120,109,55,92,121,185,214,181,191,81,50,18,19,10,4,15,61,7249,
,Barunga West (DC),27,17,29,31,35,20,4,3,3,0,0,0,3,0,3,0,6,1557,
,Berri and Barmera (DC),125,135,98,186,244,205,135,39,26,3,17,3,4,3,4,14,58,3663,
,Burnside (C),204,134,51,108,187,239,255,325,440,227,254,147,287,264,95,98,115,15259,
,Campbelltown (C),207,391,199,226,256,358,472,491,665,330,288,120,126,66,13,30,129,15344,
,Ceduna (DC),80,76,69,60,49,58,23,19,18,0,0,0,0,3,3,6,26,1108,
,Charles Sturt (C),646,1610,844,835,934,1142,1105,1057,1381,674,673,249,332,178,62,154,463,33551,
,Clare and Gilbert Valleys (DC),120,74,47,79,97,119,85,28,22,10,10,3,6,0,3,3,25,3060,
,Cleve (DC),53,23,17,14,14,8,6,3,3,0,3,0,3,8,3,9,13,836,
,Coober Pedy (DC),44,35,35,34,27,17,5,3,3,0,0,0,0,0,0,3,16,1100,
,Copper Coast (DC),126,116,70,157,179,190,114,58,35,9,5,3,5,0,4,19,47,5699,
,Elliston (DC),36,17,6,15,12,6,3,0,4,0,0,0,4,5,0,0,14,695,
,Flinders Ranges (DC),27,11,22,34,8,3,3,0,3,0,0,0,0,0,0,9,9,734,
,Franklin Harbour (DC),31,9,4,21,22,6,3,5,6,0,0,0,0,5,0,3,9,647,
,Gawler (T),120,166,122,126,121,260,267,195,247,126,76,16,6,7,7,19,68,6032,
,Goyder (DC),80,47,28,42,54,23,12,7,3,0,0,0,0,0,0,11,21,1802,
,Grant (DC),106,9,27,37,39,48,21,20,18,3,4,0,4,0,0,3,13,3195,
,Holdfast Bay (C),205,259,178,183,259,436,496,429,480,311,345,181,266,226,91,97,121,12763,
,Kangaroo Island (DC),69,42,45,52,67,73,22,22,15,0,5,0,0,4,3,11,25,2222,
,Karoonda East Murray (DC),38,10,14,10,7,3,0,0,0,0,0,0,0,0,0,0,3,532,
,Kimba (DC),43,16,19,13,8,0,0,0,0,0,0,0,0,0,0,0,0,469,
,Kingston (DC),64,24,16,35,35,33,12,6,0,0,0,0,0,0,0,0,12,1202,
,Le Hunte (DC),48,24,17,16,13,0,0,0,0,0,0,0,0,0,0,0,7,540,
,Light (RegC),75,32,19,47,48,90,75,46,39,19,19,4,5,3,0,7,22,4156,
,Lower Eyre Peninsula (DC),74,18,29,49,27,24,18,7,15,9,11,0,3,3,0,0,19,1844,
,Loxton Waikerie (DC),158,147,114,170,200,195,73,34,19,9,9,0,3,4,0,7,52,4140,
,Mallala (DC),69,15,11,22,32,32,33,23,20,10,6,7,7,0,0,3,15,2807,
,Maralinga Tjarutja (AC),13,7,0,0,0,0,0,0,0,0,0,0,0,0,0,0,3,8,
,Marion (C),472,1336,670,602,537,668,666,758,1131,637,530,194,169,84,25,113,390,26625,
,Mid Murray (DC),108,89,60,105,81,79,36,17,12,3,3,0,0,3,3,12,31,5072,
,Mitcham (C),266,204,186,166,335,395,371,369,490,309,360,181,209,137,30,30,125,21540,
,Mount Barker (DC),134,151,84,105,109,158,194,308,345,163,100,46,39,20,3,25,63,8579,
,Mount Gambier (C),117,384,468,370,384,447,325,204,137,35,33,7,10,4,3,41,121,7479,
,Mount Remarkable (DC),58,30,17,24,20,9,3,0,0,0,0,0,0,0,0,3,14,1330,
,Murray Bridge (RC),148,272,231,216,249,310,250,157,94,27,8,0,16,10,8,24,81,5802,
,Naracoorte and Lucindale (DC),110,78,95,80,107,104,85,34,25,4,0,0,4,0,0,3,42,2898,
,Northern Areas (DC),87,46,42,58,47,18,5,3,3,0,0,0,3,0,0,9,22,1860,
,Norwood Payneham St Peters (C),271,518,223,233,330,460,501,459,538,329,400,213,333,206,67,59,205,11407,
,Onkaparinga (C),552,1139,725,702,747,1016,1579,1879,1632,565,453,125,120,80,10,119,403,50390,
,Orroroo/Carrieton (DC),16,9,5,6,3,0,0,0,0,0,0,0,0,0,0,0,6,432,
,Peterborough (DC),30,20,27,27,26,3,0,0,0,0,0,0,0,0,0,0,3,926,
,Playford (C),323,1318,752,739,1077,1322,1036,669,468,168,83,19,28,17,7,139,335,19752,
,Port Adelaide Enfield (C),667,2226,1183,1208,1305,1368,1369,1212,1354,686,625,230,204,93,28,195,586,32242,
,Port Augusta (C),122,261,197,295,359,235,84,26,33,12,15,4,10,3,3,27,135,4423,
,Port Lincoln (C),118,213,162,162,178,250,211,118,129,41,74,32,40,20,4,35,83,4287,
,Port Pirie City and Dists (M),174,325,222,275,333,194,92,30,35,7,5,0,6,4,0,43,71,5930,
,Prospect (C),98,172,91,120,198,219,244,208,284,162,186,77,106,50,15,17,58,6315,
,Renmark Paringa (DC),86,132,124,158,201,167,87,25,20,11,7,0,4,4,6,13,52,2981,
,Robe (DC),31,6,12,12,14,21,10,5,0,0,0,0,3,0,0,3,11,1132,
,Roxby Downs (M),50,23,63,111,94,32,11,3,19,21,52,28,65,98,4,3,45,736,
,Salisbury (C),464,992,661,785,879,1064,1390,1415,1289,374,385,140,128,80,18,111,460,36690,
,Southern Mallee (DC),72,28,21,34,18,0,0,0,0,0,0,0,0,0,0,6,16,879,
,Streaky Bay (DC),50,22,20,23,14,17,17,6,4,0,0,0,3,3,3,4,9,954,
,Tatiara (DC),137,61,68,62,91,83,29,8,17,3,4,0,0,3,0,3,34,2376,
,Tea Tree Gully (C),254,580,299,282,274,386,586,754,1100,616,395,101,115,58,14,51,180,31867,
,The Coorong (DC),193,75,66,66,65,46,17,3,6,0,0,0,0,0,0,0,38,2377,
,Tumby Bay (DC),56,34,27,27,34,19,13,3,3,3,0,0,3,3,5,6,12,1248,
,Unley (C),189,306,110,177,281,413,394,387,496,295,386,221,314,224,78,68,133,11874,
,Victor Harbor (C),73,63,45,52,107,162,194,145,115,36,18,3,3,6,0,9,36,6283,
,Wakefield (DC),106,43,40,54,76,78,56,6,5,0,0,0,0,0,0,4,23,2484,
,Walkerville (M),57,115,36,32,33,41,39,24,66,59,50,25,43,33,17,25,20,2433,
,Wattle Range (DC),134,141,117,193,184,109,43,14,11,0,0,0,0,0,0,8,58,4592,
,West Torrens (C),394,687,346,465,781,862,732,628,851,505,502,203,231,86,16,75,271,17574,
,Whyalla (C),147,719,523,866,504,145,70,47,88,11,30,8,21,29,11,59,164,6677,
,Yankalilla (DC),59,19,16,25,23,50,54,44,21,0,3,0,3,3,0,0,17,2980,
,Yorke Peninsula (DC),197,107,91,108,123,108,40,19,13,3,0,0,3,7,6,20,79,7934,
,Unincorporated SA,391,113,66,23,23,25,13,5,0,0,8,0,3,0,5,4,108,2163,
,Albany (C),213,298,224,281,302,462,491,325,262,138,114,43,27,19,9,39,129,10620,
,Armadale (C),171,256,193,199,370,648,702,456,326,111,78,31,41,22,3,35,121,16397,
,Ashburton (S),776,283,120,44,43,29,12,22,26,20,10,3,10,9,0,14,135,1512,
,Augusta-Margaret River (S),116,40,51,75,74,100,105,146,202,109,110,38,27,13,3,13,44,4706,
,Bassendean (T),64,150,101,79,106,198,219,185,150,65,39,14,11,3,0,19,45,4646,
,Bayswater (C),253,445,492,445,627,851,889,720,907,391,401,149,171,61,21,49,205,19240,
,Belmont (C),139,513,249,294,366,539,607,550,505,234,247,98,137,41,10,64,165,9761,
,Beverley (S),31,23,13,14,18,5,0,0,0,0,0,0,0,0,0,4,6,748,
,Boddington (S),23,4,13,14,28,10,3,5,6,0,3,0,0,0,0,0,8,536,
,Boyup Brook (S),40,16,11,23,13,4,4,0,0,0,0,0,0,0,0,0,3,632,
,Bridgetown-Greenbushes (S),37,22,20,41,47,63,31,17,18,3,0,0,0,0,0,3,10,1683,
,Brookton (S),30,11,5,17,12,3,0,3,0,0,0,0,0,0,0,0,4,370,
,Broome (S),336,184,124,207,133,157,89,66,97,50,79,62,155,234,79,111,164,4793,
,Broomehill (S),13,3,6,4,0,0,0,0,0,0,0,0,0,0,0,0,3,174,
,Bruce Rock (S),29,34,11,17,0,0,0,0,0,0,0,0,0,0,0,0,3,413,
,Bunbury (C),122,269,180,232,296,383,507,519,550,201,245,69,76,39,9,34,130,9620,
,Busselton (S),211,176,143,179,141,208,294,345,460,277,258,96,52,18,7,33,103,9931,
,Cambridge (T),93,20,35,97,119,133,124,106,173,113,145,103,189,208,110,96,31,8011,
,Canning (C),290,548,333,300,366,635,800,917,1151,615,584,212,328,185,41,105,266,23603,
,Capel (S),52,25,25,27,37,53,45,38,48,18,73,45,54,7,0,3,20,3240,
,Carnamah (S),39,19,15,14,10,3,0,4,0,0,0,0,0,0,0,0,9,267,
,Carnarvon (S),120,120,146,128,134,116,56,39,35,3,12,3,5,12,13,66,82,2571,
,Chapman Valley (S),35,11,3,9,4,7,0,0,0,0,0,0,0,0,0,0,3,336,
,Chittering (S),43,9,5,16,12,9,10,5,17,6,0,3,3,3,0,0,6,1368,
,Claremont (T),71,16,50,32,39,52,63,72,97,60,83,58,92,86,34,63,26,3316,
,Cockburn (C),210,486,323,284,378,469,570,582,785,447,556,216,207,78,12,62,220,23762,
,Collie (S),43,70,59,73,84,94,49,26,8,3,10,0,5,3,0,5,20,3049,
,Coolgardie (S),43,54,31,35,43,41,56,32,28,8,18,0,3,4,0,0,14,1316,
,Coorow (S),41,10,6,12,15,16,10,3,3,0,0,0,0,0,0,0,15,739,
,Corrigin (S),37,28,20,15,9,0,0,0,0,0,0,0,0,0,0,0,4,465,
,Cottesloe (T),39,32,8,15,15,32,31,22,52,40,38,48,109,123,66,124,19,2626,
,Cranbrook (S),51,24,17,25,13,0,0,0,0,0,0,0,0,0,0,0,9,405,
,Cuballing (S),13,3,3,5,0,3,0,0,0,0,0,0,0,0,0,0,5,323,
,Cue (S),16,6,3,5,3,0,0,0,0,0,0,0,0,0,0,0,3,109,
,Cunderdin (S),31,20,30,20,11,6,0,0,0,0,0,0,0,0,0,3,11,439,
,Dalwallinu (S),41,21,25,16,20,4,0,4,0,0,0,0,0,0,0,3,12,490,
,Dandaragan (S),90,22,17,27,35,47,36,23,17,4,3,0,0,0,3,5,26,2203,
,Dardanup (S),39,22,8,31,42,57,73,70,144,76,84,20,22,4,0,5,24,3213,
,Denmark (S),51,31,40,47,62,67,96,41,34,4,3,0,0,0,0,0,23,2265,
,Derby-West Kimberley (S),391,213,158,64,50,38,32,19,39,19,26,11,15,3,8,26,129,1252,
,Donnybrook-Balingup (S),41,13,38,39,48,56,48,12,10,4,3,0,3,0,0,0,13,1780,
,Dowerin (S),22,15,12,13,0,3,0,0,0,0,0,0,0,0,0,0,7,292,
,Dumbleyung (S),23,15,5,4,0,0,0,0,0,0,0,0,0,0,0,0,3,304,
,Dundas (S),53,38,21,19,11,5,0,4,0,0,0,0,0,0,0,7,24,542,
,East Fremantle (T),34,26,23,29,50,35,47,49,65,48,54,29,50,40,20,19,13,2369,
,East Pilbara (S),390,140,84,84,16,18,8,23,17,3,10,7,24,8,19,10,113,1695,
,Esperance (S),219,138,123,150,191,158,123,90,100,30,52,7,29,31,6,23,73,4307,
,Exmouth (S),62,49,44,36,29,24,31,31,44,20,26,8,19,14,6,59,30,1316,
,Fremantle (C),158,519,196,177,187,254,246,239,390,217,303,134,258,166,59,107,143,8922,
,Geraldton (C),135,262,217,315,414,368,283,164,146,62,60,30,25,16,5,31,112,5930,
,Gingin (S),63,16,13,29,30,31,33,20,30,6,3,0,3,0,0,4,12,3151,
,Gnowangerup (S),54,15,20,28,11,0,0,0,0,0,0,0,0,0,0,0,11,553,
,Goomalling (S),31,16,15,16,4,3,0,0,0,0,0,0,0,0,0,3,5,387,
,Gosnells (C),212,318,279,351,518,769,981,864,841,308,327,224,284,62,4,59,240,28655,
,Greenough (S),91,38,32,59,84,118,89,55,70,39,68,28,43,14,3,0,44,4202,
,Halls Creek (S),330,79,25,22,16,13,3,3,7,0,0,0,0,0,0,3,55,632,
,Harvey (S),107,62,70,125,139,177,183,134,172,79,111,38,48,6,3,6,53,6308,
,Irwin (S),45,23,31,46,43,42,50,31,14,10,6,0,3,0,5,10,11,1254,
,Jerramungup (S),40,27,14,19,9,12,10,0,0,0,0,0,0,0,0,3,10,634,
,Joondalup (C),304,162,138,213,223,390,622,931,1607,1051,1128,494,654,415,139,141,214,47725,
,Kalamunda (S),172,105,98,116,135,238,322,369,419,182,202,123,93,41,11,21,86,16507,
,Kalgoorlie/Boulder (C),164,243,241,292,303,237,191,216,377,200,252,94,142,123,42,34,149,8619,
,Katanning (S),37,65,70,72,77,53,15,13,17,5,3,0,0,0,0,5,21,1311,
,Kellerberrin (S),32,17,20,18,0,3,0,0,0,0,0,0,0,0,0,0,7,419,
,Kent (S),23,11,10,0,0,0,0,0,0,0,0,0,0,0,0,0,3,273,
,Kojonup (S),62,22,30,38,22,7,3,3,0,0,0,0,0,0,0,0,16,761,
,Kondinin (S),41,20,18,20,9,8,0,0,0,0,0,0,0,0,0,0,5,349,
,Koorda (S),20,9,7,3,0,0,0,0,0,0,0,0,0,0,0,0,0,205,
,Kulin (S),38,19,15,6,3,0,0,0,0,0,0,0,0,0,0,0,4,362,
,Kwinana (T),79,170,134,114,296,352,276,143,156,62,58,10,11,4,0,17,63,7431,
,Lake Grace (S),53,30,27,24,6,3,3,0,0,0,0,0,4,0,0,0,16,635,
,Laverton (S),43,30,12,3,3,5,0,0,8,0,3,0,0,0,0,0,13,227,
,Leonora (S),192,20,16,9,6,14,3,5,3,0,0,0,0,0,0,0,33,373,
,Mandurah (C),207,265,209,314,452,773,841,744,702,376,355,129,124,71,28,41,150,22247,
,Manjimup (S),116,98,157,141,119,105,46,19,8,0,4,0,0,3,0,22,38,3699,
,Meekatharra (S),54,33,42,10,7,0,0,0,0,0,0,0,0,0,0,3,12,357,
,Melville (C),356,403,241,259,278,361,583,701,1014,592,661,393,551,381,128,189,206,31438,
,Menzies (S),27,7,5,3,0,0,0,0,0,0,0,0,0,0,0,0,4,105,
,Merredin (S),68,68,81,65,37,28,12,3,8,0,0,0,0,3,0,3,25,1170,
,Mingenew (S),31,10,6,4,3,0,0,0,0,0,0,0,0,0,0,0,6,174,
,Moora (S),55,46,36,31,30,29,3,5,4,0,4,0,0,0,0,4,26,814,
,Morawa (S),37,15,17,9,12,3,0,0,0,0,0,0,0,0,0,0,5,325,
,Mosman Park (T),41,104,45,113,142,122,97,70,94,56,74,37,60,53,30,66,39,2613,
,Mount Magnet (S),24,11,13,3,5,10,0,0,0,0,0,0,0,0,0,0,6,213,
,Mount Marshall (S),26,21,9,0,0,0,0,0,0,0,0,0,0,0,0,0,4,262,
,Mukinbudin (S),32,17,8,3,5,3,0,0,3,0,0,0,0,0,0,0,7,231,
,Mullewa (S),37,31,11,19,9,3,0,0,0,0,0,0,0,0,0,0,12,275,
,Mundaring (S),121,81,40,90,119,176,173,188,179,84,99,24,60,32,5,10,65,11595,
,Murchison (S),13,0,3,0,0,0,0,0,0,0,0,0,0,0,0,0,3,45,
,Murray (S),90,36,70,94,105,109,84,69,45,22,32,10,10,7,0,6,34,4767,
,Nannup (S),42,8,18,17,13,7,3,0,0,0,3,0,0,0,0,0,3,636,
,Narembeen (S),39,11,18,13,7,4,0,0,0,0,0,0,0,0,0,0,6,330,
,Narrogin (T),19,79,55,69,66,65,21,9,16,4,4,0,0,0,0,0,25,1401,
,Narrogin (S),20,3,5,3,0,0,0,0,0,0,0,0,0,0,0,0,0,288,
,Nedlands (C),116,83,38,65,73,71,58,50,103,72,130,74,146,155,82,182,62,6429,
,Ngaanyatjarraku (S),251,10,0,0,0,0,0,0,0,0,0,0,0,0,0,0,34,130,
,Northam (T),36,88,59,96,118,104,65,25,22,0,9,5,4,3,0,9,22,2043,
,Northam (S),31,34,15,34,35,15,10,7,3,3,4,0,0,0,0,4,10,1453,
,Northampton (S),70,31,20,37,47,52,29,18,38,9,9,3,3,20,24,26,41,1790,
,Nungarin (S),11,9,6,3,0,0,0,0,0,0,0,0,0,0,0,3,0,96,
,Peppermint Grove (S),9,0,0,0,11,11,3,3,3,4,5,3,4,12,5,19,9,476,
,Perenjori (S),25,4,3,3,3,3,0,0,0,0,0,0,0,0,0,0,7,237,
,Perth (C),95,187,106,102,124,112,98,103,168,130,211,176,330,380,141,186,117,4616,
,Pingelly (S),32,9,21,17,10,5,0,0,0,0,0,0,0,0,0,0,3,442,
,Plantagenet (S),81,28,34,45,55,58,17,3,6,0,0,0,0,3,0,0,14,1687,
,Port Hedland (T),192,271,221,207,126,82,40,53,76,14,51,34,113,118,61,106,135,3384,
,Quairading (S),22,27,15,13,8,0,0,0,0,0,0,0,0,0,0,0,5,411,
,Ravensthorpe (S),54,10,29,16,7,12,4,0,20,7,15,6,13,27,11,3,28,760,
,Rockingham (C),243,308,252,477,746,977,1202,1118,1018,468,518,130,81,38,14,48,182,27126,
,Roebourne (S),975,161,264,190,156,149,37,41,88,54,68,23,120,140,120,242,256,3904,
,Sandstone (S),8,3,0,0,3,0,0,0,0,0,0,0,0,0,0,0,0,38,
,Serpentine-Jarrahdale (S),88,19,24,32,41,60,49,39,61,16,32,14,23,9,0,5,29,4056,
,Shark Bay (S),73,7,24,12,27,30,3,7,3,0,0,3,5,11,0,26,20,686,
,South Perth (C),281,337,208,200,255,402,578,597,802,440,494,241,367,353,141,132,165,13231,
,Stirling (C),810,1783,962,1276,1911,2690,2735,2501,2991,1395,1366,535,772,557,187,255,663,60231,
,Subiaco (C),110,196,108,191,245,278,194,176,284,220,248,153,302,318,113,108,80,5423,
,Swan (C),312,530,332,357,417,659,796,867,866,455,476,147,151,55,11,62,238,28213,
,Tambellup (S),32,10,5,8,3,0,0,0,0,0,0,0,0,0,0,0,3,233,
,Tammin (S),15,9,0,0,0,0,0,0,0,0,0,0,0,0,0,0,7,157,
,Three Springs (S),32,14,12,9,6,3,3,0,4,0,0,0,0,0,0,0,11,255,
,Toodyay (S),28,20,5,23,28,39,41,26,11,3,0,0,0,0,0,0,15,1775,
,Trayning (S),18,19,7,3,0,0,0,0,0,0,0,0,0,0,0,0,3,180,
,Upper Gascoyne (S),36,12,0,3,0,0,0,0,0,0,0,0,0,0,0,3,7,97,
,Victoria Park (T),158,475,289,339,402,524,648,557,648,341,370,154,165,66,20,67,165,8998,
,Victoria Plains (S),43,16,17,9,7,3,0,0,0,0,0,0,0,0,0,0,11,346,
,Vincent (T),153,183,116,193,304,321,290,325,535,360,474,262,371,242,47,50,111,9593,
,Wagin (S),38,42,28,24,26,4,0,0,0,0,0,0,3,0,0,0,7,719,
,Wandering (S),17,3,0,0,0,0,0,0,0,0,0,0,0,0,0,0,5,168,
,Wanneroo (C),292,346,272,267,330,583,779,831,1108,583,750,341,345,137,38,86,244,34296,
,Waroona (S),29,15,15,30,44,42,27,11,9,0,7,0,0,0,0,0,9,1504,
,West Arthur (S),37,17,7,11,4,0,0,0,0,0,0,0,0,0,0,0,11,383,
,Westonia (S),11,0,4,0,0,0,0,0,0,0,0,0,0,0,0,0,0,115,
,Wickepin (S),28,20,8,9,4,0,0,0,0,0,0,0,0,0,0,0,0,309,
,Williams (S),36,20,10,14,10,3,0,0,0,0,0,0,0,0,0,0,4,361,
,Wiluna (S),41,17,0,0,0,0,0,0,0,0,0,0,0,0,0,0,14,92,
,Wongan-Ballidu (S),47,29,30,19,16,10,7,3,0,0,0,0,0,0,0,0,14,519,
,Woodanilling (S),16,3,0,5,0,0,0,0,0,0,0,0,0,0,0,0,3,155,
,Unincorporated WA,0,0,0,0,0,0,0,0,0,0,0,0,0,0,0,0,0,118,
,Wyalkatchem (S),15,11,18,9,0,0,0,0,0,0,0,0,0,0,0,0,0,253,
,Wyndham-East Kimberley (S),320,170,133,70,34,65,31,15,31,31,33,14,38,36,18,52,93,2127,
,Yalgoo (S),22,0,3,3,9,0,0,0,0,0,0,0,0,0,0,0,3,54,
,Yilgarn (S),64,26,20,26,7,9,6,4,3,0,0,0,0,0,0,0,14,564,
,York (S),31,18,22,30,17,35,24,15,15,0,0,0,0,0,0,0,4,1345,
,Break O'Day (M),82,61,50,57,78,83,72,20,18,5,4,0,3,0,3,3,27,3676,
,Brighton (M),87,267,193,326,161,97,121,85,56,16,25,3,12,0,3,28,61,3550,
,Burnie (C),125,282,314,297,290,367,228,94,82,21,15,0,5,5,0,15,65,6090,
,Central Coast (M),135,215,149,275,210,237,170,88,96,22,18,6,4,3,0,16,65,7185,
,Central Highlands (M),107,49,19,24,7,8,0,0,0,3,0,3,0,0,4,3,16,2376,
,Circular Head (M),214,80,109,93,138,101,20,9,11,0,3,0,0,0,0,3,27,2966,
,Clarence (C),253,426,271,391,343,308,334,289,385,210,240,95,102,49,13,29,129,16897,
,Derwent Valley (M),76,97,67,71,94,79,103,56,28,5,3,0,0,3,0,9,29,3184,
,Devonport (C),152,349,246,357,363,341,329,242,164,47,27,11,14,8,4,11,79,7705,
,Dorset (M),125,72,76,78,66,67,29,16,14,0,3,0,0,0,0,10,29,3060,
,Flinders (M),48,17,32,9,7,7,0,0,0,0,0,0,0,0,0,0,3,500,
,George Town (M),48,105,110,94,99,90,85,22,21,3,3,0,0,0,0,9,32,2578,
,Glamorgan/Spring Bay (M),74,37,34,41,60,59,31,13,20,0,5,0,4,0,0,12,18,3246,
,Glenorchy (C),228,697,366,544,562,518,490,448,444,162,184,46,32,17,7,49,168,14358,
,Hobart (C),276,392,331,454,588,555,484,473,590,390,572,291,452,352,131,66,172,15910,
,Huon Valley (M),100,69,58,99,145,137,102,71,56,13,10,3,3,3,0,3,34,5618,
,Kentish (M),70,23,35,36,41,44,29,10,6,0,0,0,4,3,0,4,19,2100,
,King Island (M),62,13,19,29,35,17,7,4,6,0,0,0,0,0,0,6,7,680,
,Kingborough (M),144,148,104,137,123,152,163,156,278,216,186,80,87,38,3,15,57,11054,
,Latrobe (M),76,55,53,72,80,85,73,61,58,15,13,6,3,0,0,3,29,3352,
,Launceston (C),402,862,614,875,853,950,810,658,670,258,261,102,105,67,17,68,213,19962,
,Meander Valley (M),146,100,129,146,168,203,113,63,81,40,27,12,15,12,0,10,53,6495,
,Northern Midlands (M),176,118,98,158,102,93,58,46,45,12,9,4,13,3,0,7,46,4366,
,Sorell (M),71,36,54,81,77,110,99,82,106,33,34,3,4,3,3,6,21,4985,
,Southern Midlands (M),85,57,30,24,41,30,11,12,14,0,5,0,0,0,0,3,18,2035,
,Tasman (M),29,15,16,27,32,17,14,3,0,0,0,0,0,0,0,0,13,1977,
,Waratah/Wynyard (M),112,179,163,173,137,154,116,63,40,3,11,0,0,0,5,8,34,4870,
,West Coast (M),153,73,74,74,118,38,9,8,11,3,0,0,0,0,0,4,40,2408,
,West Tamar (M),97,95,60,101,136,159,130,129,123,73,50,28,25,5,0,4,48,7768,
,Unincorporated Tas,0,0,0,0,0,0,0,0,0,0,0,0,0,0,0,0,0,15,
,Alice Springs (T),615,201,140,104,133,190,179,161,283,224,333,163,206,114,45,51,238,6853,
,Alpurrurulam (CGC),39,3,0,0,0,0,0,0,0,0,0,0,0,0,0,0,28,24,
,Angurugu (CGC),25,14,10,0,13,3,15,12,3,0,0,0,4,0,0,0,12,25,
,Anmatjere (CGC),91,25,4,0,5,8,0,0,0,0,0,0,0,0,0,0,12,90,
,Arltarlpilta (CGC),30,3,0,0,0,0,0,0,0,0,0,0,0,0,0,0,3,16,
,Belyuen (CGC),14,11,5,0,0,0,0,0,0,0,0,0,0,0,0,0,6,9,
,Binjari (CGC),4,20,8,0,0,0,0,0,0,0,0,0,0,0,0,0,3,7,
,Borroloola (CGC),70,15,3,7,0,0,0,0,0,0,0,0,0,0,0,6,10,86,
,Coomalie (CGC),43,15,10,3,9,7,12,7,4,0,3,0,0,0,3,0,15,445,
,Cox Peninsula (CGC),3,0,0,3,0,0,0,0,0,0,3,0,0,0,0,0,0,182,
,Daguragu (CGC),46,16,15,0,9,0,0,0,0,0,0,0,0,0,0,0,6,31,
,Darwin (C),733,495,358,443,749,734,661,654,910,677,885,504,894,945,244,193,378,18011,
,Elliott District (CGC),28,40,0,0,0,0,0,0,0,0,0,0,0,0,0,0,6,65,
,Jabiru (T),174,28,28,12,8,7,3,15,5,4,0,0,0,0,0,17,41,304,
,Jilkminggan (CGC),28,0,0,0,0,0,0,0,0,0,0,0,0,0,0,0,0,3,
,Katherine (T),137,113,64,133,176,117,90,52,87,55,101,26,40,15,3,17,85,2294,
,Kunbarllanjnja (CGC),89,12,13,9,3,0,0,0,0,0,0,0,0,0,0,0,11,42,
,Lajamanu (CGC),86,9,0,0,0,0,0,0,0,0,0,0,0,0,0,0,8,26,
,Litchfield (S),164,24,25,39,32,56,27,33,72,43,70,25,46,47,15,16,45,5464,
,Ltyentye Purte (CGC),53,0,0,0,0,0,0,0,0,0,0,0,0,0,0,0,31,25,
,Marngarr (CGC),17,11,11,0,0,0,0,0,0,0,0,0,0,0,0,0,0,14,
,Mataranka (CGC),28,7,0,3,0,3,3,0,0,0,0,0,0,0,0,6,6,196,
,Nauiyu Nambiyu (CGC),35,44,0,0,5,0,0,0,0,0,0,0,0,0,0,0,11,13,
,Numbulwar Numburindi (CGC),65,7,3,8,8,5,0,0,0,0,0,0,0,0,0,0,7,62,
,Nyirranggulung Mardrulk Ngadberre (CGC),99,50,11,3,5,4,0,0,0,0,0,0,0,0,3,4,4,193,
,Palmerston (C),248,259,169,107,138,244,306,204,295,159,296,154,301,201,30,27,140,5528,
,Pine Creek (CGC),20,3,3,13,5,10,0,3,0,0,0,0,3,0,0,0,6,104,
,Tapatjatjaka (CGC),33,0,3,0,0,0,0,0,0,0,0,0,0,0,0,0,0,6,
,Tennant Creek (T),95,48,37,50,53,35,41,25,18,3,8,0,0,3,3,0,58,785,
,Thamarrurr (CGC),141,24,9,3,0,3,0,0,0,0,0,0,0,0,0,0,38,113,
,Timber Creek (CGC),30,4,0,0,3,0,0,0,0,0,0,0,0,0,0,0,3,88,
,Tiwi Islands (CGC),307,68,14,11,7,12,3,5,4,0,3,0,0,0,0,0,60,65,
,Walangeri Ngumpinku (CGC),45,4,4,3,3,0,0,0,0,0,0,0,0,0,0,0,3,17,
,Wallace Rockhole (CGC),23,0,0,0,0,0,0,0,0,0,0,0,0,0,0,0,0,9,
,Watiyawanu (CGC),27,0,0,0,0,0,0,0,0,0,0,0,0,0,0,0,7,11,
,Yuendumu (CGC),89,12,13,0,0,0,0,0,0,0,0,0,0,0,0,0,8,51,
,Yugul Mangi (CGC),105,32,19,28,11,10,5,0,0,3,0,0,0,0,0,0,10,111,
,Unincorporated NT,2934,485,373,146,146,131,64,24,62,33,21,17,22,30,18,75,634,5073,
,Unincorporated ACT,1044,2746,1416,1280,1110,1052,1164,1251,1955,2185,3834,3254,5908,4295,942,641,1073,96445,
,Unincorporated OT,101,70,25,45,25,27,13,22,13,0,9,3,12,18,5,9,52,567,
,,,,,,,,,,,,,,,,,,,,
,,,,,,,,,,,,,,,,,,,,
