lga,Bachelor Degree Level,Advanced Diploma and Diploma Level,Level of education not stated,Level of education inadequately described,Postgraduate Degree Level,Graduate Diploma and Graduate Certificate Level,Certificate Level,Not applicable,
Albury (C),3351,2371,4048,587,458,571,7381,27512,
Armidale Dumaresq (A),2351,1284,1833,312,1046,351,2976,13225,
Ashfield (A),6604,2715,4598,559,2675,697,3396,18417,
Auburn (A),6042,3193,9349,716,1759,332,4791,38786,
Ballina (A),3207,2350,3202,612,553,473,6163,21911,
Balranald (A),90,69,257,19,11,16,245,1741,
Bankstown (C),11258,8284,16833,1972,1963,812,20552,108817,
Bathurst Regional (A),2690,1712,3192,496,522,376,5850,21000,
Baulkham Hills (A),22390,13090,9334,2346,5774,1976,21115,83382,
Bega Valley (A),1987,1671,2564,514,290,365,5315,18359,
Bellingen (A),920,736,1066,201,158,162,1967,7215,
Berrigan (A),380,352,713,82,25,41,1245,5166,
Blacktown (C),21185,13100,23875,3256,4155,1357,33896,170882,
Bland (A),281,191,486,68,21,29,886,4139,
Blayney (A),350,319,427,76,55,60,1035,4271,
Blue Mountains (C),8839,5969,5520,1180,2386,1484,11294,37394,
Bogan (A),117,87,228,40,8,17,342,2046,
Bombala (A),130,110,254,49,17,22,358,1618,
Boorowa (A),108,109,160,39,12,16,362,1487,
Botany Bay (C),3220,2044,3873,470,1075,203,4177,20925,
Bourke (A),174,126,359,32,21,19,303,2064,
Brewarrina (A),71,45,286,13,7,13,146,1366,
Broken Hill (C),711,542,2322,206,97,139,2748,12595,
Burwood (A),4770,2088,3541,392,1803,325,2578,15425,
Byron (A),3085,2039,2984,434,501,411,4047,15273,
Cabonne (A),790,640,915,177,164,101,1929,7677,
Camden (A),3116,2900,3404,566,553,371,8195,30534,
Campbelltown (C),7691,6548,12960,1669,1561,729,20197,91724,
Canada Bay (A),10667,5028,6396,1007,3054,1070,7202,31315,
Canterbury (C),11228,7041,14278,1672,3176,806,12640,79131,
Carrathool (A),126,97,281,25,8,15,329,1949,
Central Darling (A),82,58,260,13,7,13,174,1338,
Cessnock (C),1556,1619,4480,517,185,208,7994,29649,
Clarence Valley (A),2144,1999,4544,718,289,353,7786,30314,
Cobar (A),216,120,551,50,19,19,758,3191,
Coffs Harbour (C),4086,3544,5602,933,597,588,10813,38755,
Conargo (A),96,103,144,11,3,22,240,1056,
Coolamon (A),203,126,284,49,24,26,530,2792,
Cooma-Monaro (A),702,484,943,134,132,103,1615,5616,
Coonamble (A),176,144,340,33,21,28,446,3024,
Cootamundra (A),340,295,615,109,33,51,1097,4764,
Corowa Shire (A),445,411,996,135,46,69,1840,7041,
Cowra (A),580,487,1044,190,76,92,1759,8245,
Deniliquin (A),354,310,737,82,41,33,1107,4770,
Dubbo (C),2254,1457,3619,503,298,332,5826,23552,
Dungog (A),465,412,687,94,84,71,1346,4896,
Eurobodalla (A),2068,1825,3309,623,321,328,6165,20373,
Fairfield (C),9246,7516,17389,1839,914,425,18004,124556,
Forbes (A),434,360,950,104,45,69,1320,6079,
Gilgandra (A),200,152,412,51,16,20,580,3097,
Glen Innes Severn (A),396,368,838,105,46,67,1262,5686,
Gloucester (A),259,218,383,48,26,42,738,3085,
Gosford (C),11396,10061,16661,2410,2124,1467,25660,88371,
Goulburn Mulwaree (A),1276,1329,2789,397,216,212,4238,15625,
Greater Taree (C),2002,2064,4104,670,247,337,7475,28248,
Greater Hume Shire (A),518,505,729,137,56,74,1585,6120,
Great Lakes (A),1481,1654,3374,487,243,217,6005,19302,
Griffith (C),1223,770,2316,253,155,135,3318,15631,
Gundagai (A),156,136,327,35,16,20,505,2499,
Gunnedah (A),518,449,970,141,41,65,1668,7676,
Guyra (A),175,141,365,49,36,21,463,2972,
Gwydir (A),248,209,442,69,18,14,663,3648,
Harden (A),159,157,331,39,16,31,502,2338,
Hastings (A),3856,3840,6378,1117,533,587,12128,40002,
Hawkesbury (C),3588,3330,5035,748,668,499,10840,35858,
Hay (A),131,118,247,33,12,23,379,2440,
Holroyd (C),7768,4915,8994,1095,2038,544,10942,53470,
Hornsby (A),24991,13056,9785,2328,7936,2640,17027,73571,
Hunter's Hill (A),2335,1012,1304,202,821,214,992,6351,
Hurstville (C),8474,4956,6648,1053,2563,656,8838,40533,
Inverell (A),678,560,1343,217,61,125,2275,10252,
Jerilderie (A),83,52,126,9,10,3,225,1132,
Junee (A),221,185,1150,60,31,27,774,3319,
Kempsey (A),1020,1027,2974,366,124,165,4425,17288,
Kiama (A),1938,1530,1489,310,429,321,3232,9733,
Kogarah (A),7020,4064,4729,794,2174,585,6112,27057,
Ku-ring-gai (A),21906,9101,5956,1632,7488,1996,6593,46417,
Kyogle (A),518,374,754,115,66,90,1278,6064,
Lachlan (A),259,250,575,85,22,50,763,4662,
Lake Macquarie (C),11843,10122,15217,2379,2223,1538,32884,106937,
Lane Cove (A),6681,2567,2573,495,2317,651,2320,12819,
Leeton (A),502,339,972,112,78,76,1563,7462,
Leichhardt (A),10951,3853,4852,612,3888,1290,4175,19157,
Lismore (C),3408,2214,3223,613,565,538,6517,25129,
Lithgow (C),780,741,2137,254,113,136,3393,12211,
Liverpool (C),10055,8220,16520,2015,1612,638,20855,104692,
Liverpool Plains (A),316,296,830,109,26,48,1006,4909,
Lockhart (A),148,141,228,47,15,29,532,2036,
Maitland (C),3456,3054,4709,678,509,471,10628,38365,
Manly (A),7524,3403,4065,663,2061,667,3366,15363,
Marrickville (A),12189,4657,8300,934,3871,1465,6728,33679,
Mid-Western Regional (A),1084,885,1925,299,144,157,3481,13113,
Moree Plains (A),710,484,1655,121,65,78,1701,9154,
Mosman (A),6283,2400,2469,495,2102,536,1607,10349,
Murray (A),289,248,677,68,18,45,1009,4063,
Murrumbidgee (A),114,80,217,25,12,11,315,1730,
Muswellbrook (A),592,522,1518,126,68,73,2578,9758,
Nambucca (A),823,758,1828,296,111,138,2847,11093,
Narrabri (A),609,456,1186,143,85,77,1728,8842,
Narrandera (A),233,202,624,62,26,38,797,4025,
Narromine (A),311,245,530,68,32,34,855,4434,
Newcastle (C),14161,8056,13075,1573,3031,1539,21647,78678,
North Sydney (A),15907,5538,7245,1004,5106,1470,4105,17889,
Oberon (A),246,189,497,58,46,43,763,3189,
Orange (C),2354,1785,3191,458,431,280,5394,21436,
Palerang (A),1433,829,934,173,508,303,1721,6412,
Parkes (A),622,483,1203,177,59,83,2148,9503,
Parramatta (C),17719,9285,15562,2175,5870,1373,16359,79984,
Penrith (C),9096,7908,14226,1986,1490,978,27165,109292,
Pittwater (A),6802,5069,4901,1042,1721,800,7765,26054,
Port Stephens (A),2917,3309,5405,833,468,385,11165,35998,
Queanbeyan (C),2976,2104,3010,420,920,587,5008,20954,
Randwick (C),20017,8239,14787,1729,6800,1742,11887,54688,
Richmond Valley (A),748,667,1961,245,104,109,3085,14399,
Rockdale (C),9563,5968,10803,1240,2777,731,10451,50579,
Ryde (C),15689,7677,8829,1453,5123,1443,10443,46289,
Shellharbour (C),2432,2688,5085,771,387,308,10626,38051,
Shoalhaven (C),4539,4643,8210,1358,800,772,16077,52014,
Singleton (A),1074,1002,1619,229,138,133,4021,13720,
Snowy River (A),539,414,1320,94,78,72,1280,3393,
Strathfield (A),5359,2053,3505,489,1748,337,2360,16140,
Sutherland Shire (A),20572,16316,16134,3008,4322,2384,35377,107328,
Sydney (C),32194,10658,39027,2047,10613,2643,10767,48626,
Tamworth Regional (A),2929,2476,4663,745,397,450,8575,33362,
Temora (A),254,182,492,90,15,44,870,3915,
Tenterfield (A),280,266,526,93,28,47,915,4374,
Tumbarumba (A),167,169,416,48,12,26,497,2200,
Tumut Shire (A),495,448,965,132,73,62,1663,6969,
Tweed (A),4204,3944,8463,1183,624,583,12824,47484,
Upper Hunter Shire (A),640,518,1186,182,77,73,2090,8202,
Upper Lachlan (A),424,328,625,87,77,57,1087,4374,
Uralla (A),409,291,401,79,133,68,893,3473,
Urana (A),45,39,91,25,3,11,139,908,
Wagga Wagga (C),4056,2748,3963,809,807,599,9244,34792,
Wakool (A),223,144,479,40,9,35,582,2837,
Walcha (A),153,162,237,52,18,19,459,2084,
Walgett (A),305,231,836,79,22,29,832,4624,
Warren (A),130,119,210,29,4,13,322,1916,
Warringah (A),17312,12050,11445,2283,3849,1770,18816,66310,
Warrumbungle Shire (A),451,406,943,131,54,61,1314,6458,
Waverley (A),12396,4563,11121,935,3317,963,4904,22518,
Weddin (A),163,153,326,49,23,28,506,2394,
Wellington (A),360,317,826,90,51,53,1083,5337,
Wentworth (A),319,246,621,60,25,49,881,4567,
Willoughby (C),14174,5048,5551,1023,4609,1191,4513,27502,
Wingecarribee (A),3551,2898,3699,653,816,564,6723,23372,
Wollondilly (A),2181,2044,3095,541,381,319,7292,24494,
Wollongong (C),14504,10435,16659,2463,4334,1887,29624,104314,
Woollahra (A),12200,3844,7118,751,3842,979,2797,18642,
Wyong (A),5630,6269,13928,1939,856,767,24037,86374,
Yass Valley (A),1287,796,835,155,405,240,1859,7558,
Young (A),568,469,944,156,55,77,1723,7998,
Unincorporated NSW,66,55,81,20,8,3,194,692,
No Usual Address,1127,530,1523,158,281,109,1529,4917,
Alpine (S),808,666,1091,144,94,171,1946,7081,
Ararat (RC),552,581,1361,113,59,99,1555,6927,
Ballarat (C),6853,4402,7981,753,1212,1352,11756,50892,
Banyule (C),14695,7894,9226,1209,3573,2568,14185,61517,
Bass Coast (S),1513,1349,3146,331,228,319,4301,15359,
Baw Baw (S),2337,1856,3070,364,357,457,5970,22762,
Bayside (C),15543,7336,7570,1167,3858,2200,7199,43062,
Benalla (RC),763,737,1146,137,109,160,2003,8468,
Boroondara (C),34041,11996,11438,1889,10332,4842,9606,70308,
Brimbank (C),10692,6977,16806,1452,1490,950,17951,111885,
Buloke (S),359,238,586,51,20,66,878,4648,
Campaspe (S),1695,1435,2968,335,149,343,5407,23870,
Cardinia (S),3204,2852,4415,505,424,536,9235,35950,
Casey (C),12186,11045,17834,2322,1829,1399,30711,137639,
Central Goldfields (S),425,414,1273,137,39,96,1861,8077,
Colac-Otway (S),1078,939,1893,235,97,198,2961,12886,
Corangamite (S),782,637,1483,166,71,155,2238,11089,
Darebin (C),15998,6704,13851,1128,4128,2820,11918,71518,
East Gippsland (S),2088,2100,3952,514,263,423,6161,24532,
Frankston (C),6815,6619,11668,1317,892,1086,18396,71017,
Gannawarra (S),435,416,1083,96,22,87,1653,7502,
Glen Eira (C),21891,9072,12436,1483,5724,3108,10965,59408,
Glenelg (S),910,771,1760,197,85,177,2908,12941,
Golden Plains (S),933,820,1134,151,139,224,2671,10383,
Greater Bendigo (C),6499,4535,8144,809,991,1418,14115,56734,
Greater Dandenong (C),7623,5945,14173,1258,1238,638,12672,81970,
Greater Geelong (C),15146,11365,17911,1992,2395,2292,29000,117372,
Greater Shepparton (C),3085,2348,5055,455,422,601,7361,37765,
Hepburn (S),1025,823,1383,158,242,254,1912,7937,
Hindmarsh (S),277,213,548,60,14,49,734,4141,
Hobsons Bay (C),7684,4337,7732,813,1708,1214,9833,48144,
Horsham (RC),1124,986,1435,164,168,215,2686,11718,
Hume (C),7569,6355,12876,1221,905,828,18158,99863,
Indigo (S),1123,829,1331,163,219,284,2380,8473,
Kingston (C),13657,9239,12496,1617,2486,1902,17749,75482,
Knox (C),12767,9608,10303,1811,2041,1617,21513,87076,
Latrobe (C),3420,2923,6363,720,505,575,11729,43088,
Loddon (S),328,289,704,65,42,78,1003,5339,
Macedon Ranges (S),3203,2513,2882,396,665,685,5647,22359,
Manningham (C),16308,8592,8214,1334,3642,1917,11273,58649,
Mansfield (S),497,421,711,86,62,100,1203,4111,
Maribyrnong (C),8301,3640,7130,697,2133,1146,5752,34348,
Maroondah (C),9330,7025,7829,1115,1468,1612,14471,56358,
Melbourne (C),17524,4897,11673,932,5113,1681,3968,25588,
Melton (S),4984,3701,6842,747,638,559,11223,50214,
Mildura (RC),2472,1870,4581,442,241,446,6319,33441,
Mitchell (S),1407,1303,2678,275,216,284,4701,20057,
Moira (S),1082,995,2569,273,90,206,3958,17906,
Monash (C),24201,12345,14119,1930,7139,2833,15565,83099,
Moonee Valley (C),14027,6474,10331,1075,2929,2264,11268,58731,
Moorabool (S),1532,1296,1924,239,263,320,3817,16077,
Moreland (C),17078,7102,13709,1260,4471,2806,13412,75918,
Mornington Peninsula (S),10109,8751,15102,1651,1636,1715,20987,76526,
Mount Alexander (S),1406,1005,2031,196,234,329,2305,9553,
Moyne (S),881,748,1279,170,113,152,2118,10002,
Murrindindi (S),955,788,1395,135,134,199,2350,7715,
Nillumbik (S),7117,4387,3638,621,1527,1336,8404,32750,
Northern Grampians (S),555,496,1085,137,53,101,1717,7770,
Port Phillip (C),19633,6664,12956,1044,4987,2547,6836,30422,
Pyrenees (S),307,289,728,48,35,67,908,4177,
Queenscliffe (B),411,299,308,53,83,68,322,1465,
South Gippsland (S),1462,1239,2326,244,185,296,4118,15866,
Southern Grampians (S),1044,870,1377,152,134,177,2365,10513,
Stonnington (C),21110,7243,10202,1153,5628,2441,5819,36296,
Strathbogie (S),519,495,963,101,68,93,1345,5708,
Surf Coast (S),2425,1635,1771,290,394,458,3163,11620,
Swan Hill (RC),928,755,2057,199,69,168,2575,13872,
Towong (S),352,314,519,75,42,59,1003,3658,
Wangaratta (RC),1658,1337,2170,275,200,352,4047,16356,
Warrnambool (C),2111,1511,2819,274,280,386,4375,18635,
Wellington (S),2098,1754,4224,408,222,360,6342,24668,
West Wimmera (S),188,205,378,46,13,28,554,3057,
Whitehorse (C),22371,11623,10822,1806,5348,3445,14751,74595,
Whittlesea (C),7289,5881,10191,1039,1073,723,15404,83044,
Wodonga (RC),1943,1797,2246,355,283,386,5571,20425,
Wyndham (C),7631,5954,9334,1190,1373,978,15406,70833,
Yarra (C),16824,4364,8303,727,4512,2521,4586,27490,
Yarra Ranges (S),10164,8701,10527,1506,1672,1826,23091,82725,
Yarriambiack (S),309,290,746,53,26,71,987,5042,
Unincorporated Vic,91,63,110,8,14,16,159,311,
No Usual Address,755,363,810,95,155,77,936,3203,
Aramac (S),37,27,74,11,4,5,66,513,
Atherton (S),636,479,998,141,112,77,1671,6804,
Aurukun (S),22,5,40,6,7,0,21,950,
Badu (IC),14,16,25,16,0,3,62,682,
Balonne (S),238,186,351,38,13,30,500,3267,
Bamaga (IC),23,20,62,3,0,3,100,562,
Banana (S),648,425,1000,75,55,73,1866,9215,
Barcaldine (S),83,72,139,13,13,12,195,1098,
Barcoo (S),19,19,13,5,3,0,51,254,
Bauhinia (S),99,82,127,7,7,8,266,1594,
Beaudesert (S),2970,2932,4807,670,459,405,10103,40106,
Belyando (S),640,306,835,57,57,51,1764,6742,
Bendemere (S),30,32,92,7,7,6,108,719,
Biggenden (S),40,58,109,15,5,4,203,1092,
Blackall (S),54,55,88,16,5,6,177,1055,
Boigu (IC),3,3,33,0,0,0,31,206,
Boonah (S),413,352,663,81,51,64,1149,5856,
Booringa (S),68,59,119,19,3,8,205,1228,
Boulia (S),14,13,43,0,0,0,52,295,
Bowen (S),406,365,1776,94,39,49,1650,8008,
Brisbane (C),135330,62135,82250,10437,33499,15344,108446,508688,
Broadsound (S),314,178,838,58,37,36,1078,4297,
Bulloo (S),10,8,21,0,0,3,60,261,
Bundaberg (C),2010,1465,4763,446,219,243,6545,30105,
Bungil (S),106,92,112,14,5,20,232,1478,
Burdekin (S),619,524,1354,118,51,58,2482,11806,
Burke (S),25,17,98,3,3,0,73,279,
Burnett (S),1450,1058,2100,304,215,194,4102,16869,
Caboolture (S),5220,5700,11844,1470,682,716,20434,86407,
Cairns (C),9210,6882,14046,1605,1380,1076,19981,73255,
Calliope (S),798,595,1192,162,87,108,2931,10661,
Caloundra (C),5425,4982,7486,1208,880,789,14297,52532,
Cambooya (S),414,311,252,56,71,54,880,3782,
Cardwell (S),401,341,876,112,38,41,1492,6218,
Carpentaria (S),59,48,307,18,3,6,214,1272,
Charters Towers (C),420,198,660,66,40,39,900,5650,
Cherbourg (S),4,19,92,11,0,3,89,915,
Chinchilla (S),278,203,473,50,15,22,824,4073,
Clifton (S),118,104,173,24,13,20,355,1806,
Cloncurry (S),142,90,319,16,14,6,435,2119,
Cook (S),149,128,570,43,33,28,521,1990,
Cooloola (S),1498,1515,2867,396,192,222,5618,23750,
Crow's Nest (S),1110,811,651,135,215,168,1746,7807,
Croydon (S),7,6,30,3,0,0,25,183,
Dalby (T),421,327,962,79,45,50,1310,6587,
Dalrymple (S),113,101,275,39,12,17,415,2528,
Dauan (IC),3,10,10,0,0,0,23,107,
Diamantina (S),19,7,28,0,0,3,46,179,
Doomadgee (S),29,10,179,0,0,0,30,830,
Douglas (S),658,594,1157,177,77,83,1817,5628,
Duaringa (S),292,191,662,40,19,22,1058,4451,
Eacham (S),376,295,655,88,87,62,1022,3773,
Eidsvold (S),32,41,96,6,3,4,88,596,
Emerald (S),866,522,1113,94,91,111,2440,9119,
Erub (IC),9,10,18,3,0,0,51,231,
Esk (S),555,581,1370,149,86,95,2212,10117,
Etheridge (S),29,27,84,3,6,0,121,580,
Fitzroy (S),395,319,1014,71,24,42,1439,7265,
Flinders (S),90,50,136,18,0,9,194,1287,
Gatton (S),777,589,1388,134,173,91,1932,10547,
Gayndah (S),124,95,265,20,11,13,344,1914,
Gladstone (C),1638,983,2298,264,179,188,5051,18481,
Gold Coast (C),33027,27970,52714,6307,5702,3124,72693,270740,
Goondiwindi (T),261,144,517,38,22,34,604,3098,
Hammond (IC),0,6,17,0,0,0,29,160,
Herberton (S),213,169,640,75,36,25,720,3543,
Hervey Bay (C),2259,2344,4914,698,347,343,8529,32789,
Hinchinbrook (S),460,306,929,73,52,51,1768,7916,
Hope Vale (S),14,15,36,3,0,0,95,612,
Iama (IC),4,10,16,3,0,0,32,251,
Ilfracombe (S),11,10,12,3,0,3,47,176,
Inglewood (S),127,92,208,19,10,9,294,1771,
Injinoo (S),5,4,42,3,0,0,37,327,
Ipswich (C),6372,5889,11756,1330,929,864,20762,92281,
Isis (S),227,226,652,65,14,42,971,4103,
Isisford (S),7,15,24,3,0,0,32,180,
Jericho (S),37,20,60,4,0,3,116,685,
Johnstone (S),729,592,2106,179,90,96,2709,11754,
Jondaryan (S),689,594,1115,110,104,87,1948,9441,
Kilcoy (S),120,136,273,33,12,24,485,2354,
Kilkivan (S),123,127,266,26,13,18,464,2416,
Kingaroy (S),613,507,1210,115,68,90,1828,7777,
Kolan (S),135,137,423,60,19,17,644,3122,
Kowanyama (S),19,10,28,3,6,3,34,917,
Kubin (IC),8,20,12,0,0,0,22,139,
Laidley (S),484,510,1182,134,51,66,1958,10085,
Livingstone (S),1729,1192,3063,282,339,258,4401,17613,
Lockhart River (S),17,8,45,0,0,3,26,454,
Logan (C),8440,7281,14282,1768,1181,821,24943,114547,
Longreach (S),241,189,336,27,30,29,505,2168,
Mabuiag (IC),4,10,23,0,0,0,26,183,
Mackay (C),4577,3151,8486,758,488,523,14110,52803,
McKinlay (S),46,27,98,8,6,0,117,589,
Mapoon (S),4,7,14,0,0,3,33,180,
Mareeba (S),869,715,2451,192,120,100,2418,11336,
Maroochy (S),10746,9203,12145,1972,1640,1505,23217,82411,
Maryborough (C),981,942,2626,266,107,151,3980,16652,
Mer (IC),8,10,23,4,0,0,52,381,
Millmerran (S),114,108,208,21,11,10,351,2267,
Mirani (S),151,162,589,42,12,23,803,3630,
Miriam Vale (S),160,193,564,76,23,24,848,3237,
Monto (S),90,72,193,24,3,10,287,1742,
Mornington (S),26,9,54,3,3,0,49,890,
Mount Isa (C),1101,582,2558,142,126,104,2987,12059,
Mount Morgan (S),58,70,350,18,3,8,342,2129,
Mundubbera (S),88,58,185,17,5,7,241,1513,
Murgon (S),157,103,342,29,24,27,452,2322,
Murilla (S),126,114,213,27,13,22,293,1885,
Murweh (S),256,164,418,30,28,32,508,3138,
Nanango (S),305,302,833,101,25,33,1288,6123,
Napranum (S),5,19,55,0,3,0,53,704,
Nebo (S),99,61,501,16,8,10,361,1466,
New Mapoon (S),3,16,37,3,0,0,34,256,
Noosa (S),3498,3167,4792,702,580,467,7419,25201,
Palm Island (S),27,15,168,10,0,4,127,1624,
Paroo (S),65,85,172,22,12,15,214,1342,
Peak Downs (S),144,108,274,18,9,10,554,2077,
Perry (S),18,9,36,3,0,0,61,297,
Pine Rivers (S),11148,8843,8003,1393,1920,1528,21558,86749,
Pittsworth (S),190,189,304,45,19,21,619,3397,
Pormpuraaw (S),7,9,31,3,0,0,51,502,
Poruma (IC),8,11,11,0,0,0,28,115,
Quilpie (S),45,43,84,3,3,3,116,691,
Redcliffe (C),2779,2663,5265,625,459,386,7619,31386,
Redland (S),8225,7864,9408,1593,1458,1045,20706,77326,
Richmond (S),43,29,99,0,0,4,84,637,
Rockhampton (C),3762,2040,5920,467,620,441,7541,37956,
Roma (T),389,238,466,35,44,35,868,4423,
Rosalie (S),328,385,612,94,36,44,1263,6260,
Saibai (IC),0,8,32,7,0,3,39,256,
St Pauls (IC),8,13,29,5,3,3,30,157,
Sarina (S),320,301,1005,89,40,42,1783,7145,
Seisia (IC),6,11,13,0,0,0,37,98,
Stanthorpe (S),504,420,857,122,70,72,1229,6853,
Tambo (S),40,22,29,3,0,3,59,390,
Tara (S),142,121,322,20,11,11,417,2629,
Taroom (S),103,80,145,6,0,7,206,1843,
Thuringowa (C),3087,2449,3918,514,371,309,9630,38886,
Tiaro (S),140,178,550,52,20,13,838,3525,
Toowoomba (C),7087,4525,7287,872,1406,924,12004,56108,
Torres (S),197,134,335,29,24,24,416,2072,
Townsville (C),8627,4497,9544,902,1770,861,13980,55274,
Ugar (IC),0,0,7,0,0,0,11,48,
Umagico (S),0,3,20,3,0,0,16,186,
Waggamba (S),166,133,208,19,16,16,315,1999,
Wambo (S),220,204,336,36,20,31,628,3753,
Warraber (IC),4,7,14,3,0,0,39,175,
Warroo (S),63,59,58,5,0,4,104,739,
Warwick (S),1015,815,1724,209,123,137,2886,14640,
Weipa (T),201,121,248,20,22,32,546,1643,
Whitsunday (S),964,898,2279,229,91,104,3335,9063,
Winton (S),52,47,174,8,3,9,150,934,
Wondai (S),162,155,408,41,12,12,588,3022,
Woocoo (S),139,138,250,35,4,20,514,2339,
Woorabinda (S),20,8,89,0,0,0,34,690,
Wujal Wujal (S),4,8,10,0,0,0,27,270,
Yarrabah (S),26,22,104,10,5,9,156,2044,
Yorke (IC),5,11,4,0,0,0,37,238,
Unincorporated Qld,4,13,15,7,0,0,29,40,
No Usual Address,995,665,1873,217,174,111,2180,6592,
Adelaide (C),3585,1193,2661,201,1053,382,1178,6416,
Adelaide Hills (DC),4780,2907,2332,507,1253,813,5193,20066,
Alexandrina (DC),1110,1160,2162,280,164,178,3305,12348,
Anangu Pitjantjatjara (AC),77,34,129,13,6,17,96,1866,
Barossa (DC),1278,1126,1392,270,151,193,3213,12923,
Barunga West (DC),82,76,248,22,3,5,326,1772,
Berri and Barmera (DC),465,381,892,107,47,59,1459,7530,
Burnside (C),8101,3313,3333,570,2397,1027,3403,19813,
Campbelltown (C),4747,2770,3470,452,801,594,5908,27420,
Ceduna (DC),127,121,363,18,11,26,406,2496,
Charles Sturt (C),8178,5492,9103,932,1326,981,13996,60525,
Clare and Gilbert Valleys (DC),546,395,605,94,63,95,1142,5203,
Cleve (DC),90,82,118,18,3,14,265,1315,
Coober Pedy (DC),69,53,397,31,8,8,266,1077,
Copper Coast (DC),384,402,1134,95,31,54,1562,7783,
Elliston (DC),53,47,81,15,0,10,136,793,
Flinders Ranges (DC),59,61,216,29,4,15,239,1101,
Franklin Harbour (DC),43,35,74,13,3,10,173,918,
Gawler (T),980,928,1503,210,129,157,2848,12161,
Goyder (DC),164,176,326,50,18,25,565,2857,
Grant (DC),349,311,658,80,26,43,1217,5184,
Holdfast Bay (C),4311,2498,3116,374,935,553,4419,17106,
Kangaroo Island (DC),275,190,362,48,34,46,592,2717,
Karoonda East Murray (DC),45,40,82,15,0,3,117,861,
Kimba (DC),42,49,66,13,0,12,140,787,
Kingston (DC),87,91,181,38,3,17,278,1626,
Le Hunte (DC),55,46,79,12,0,5,160,960,
Light (RegC),601,564,797,133,67,89,1981,8119,
Lower Eyre Peninsula (DC),196,175,409,49,13,29,619,2909,
Loxton Waikerie (DC),494,377,941,102,35,67,1427,8162,
Mallala (DC),193,253,695,72,29,22,1141,5497,
Maralinga Tjarutja (AC),3,0,42,0,0,0,3,57,
Marion (C),6945,4776,6247,893,1048,872,12017,45907,
Mid Murray (DC),245,279,828,106,31,43,1267,5237,
Mitcham (C),9814,4892,4118,705,2526,1415,7199,31174,
Mount Barker (DC),2056,1596,1807,311,332,336,4043,15952,
Mount Gambier (C),1080,806,1880,267,110,152,3538,15667,
Mount Remarkable (DC),125,115,233,31,8,30,405,1893,
Murray Bridge (RC),480,549,1743,169,39,83,2507,12117,
Naracoorte and Lucindale (DC),405,384,528,86,23,52,1165,5438,
Northern Areas (DC),218,182,353,56,18,40,583,3200,
Norwood Payneham St Peters (C),5736,2268,3019,371,1388,766,3445,16738,
Onkaparinga (C),8637,7922,10282,1538,1241,1200,25658,93254,
Orroroo/Carrieton (DC),49,32,60,8,0,6,127,643,
Peterborough (DC),58,51,221,15,8,5,215,1337,
Playford (C),1711,2091,6375,593,161,198,9420,49470,
Port Adelaide Enfield (C),7151,4653,11180,980,1281,918,13825,62937,
Port Augusta (C),502,441,1818,111,45,88,2117,8748,
Port Lincoln (C),618,497,1324,173,82,83,2118,8706,
Port Pirie City and Dists (M),583,488,1534,112,52,75,2343,11954,
Prospect (C),2934,1307,1455,206,663,388,2227,10107,
Renmark Paringa (DC),312,334,930,114,27,35,1124,6580,
Robe (DC),63,63,401,32,4,10,203,931,
Roxby Downs (M),338,147,282,35,38,30,774,2416,
Salisbury (C),4786,4454,9985,1127,614,498,17609,79349,
Southern Mallee (DC),92,98,119,10,8,9,252,1545,
Streaky Bay (DC),80,63,173,20,3,13,280,1389,
Tatiara (DC),271,307,513,99,19,31,915,4700,
Tea Tree Gully (C),6874,6084,5995,1011,988,894,16133,57991,
The Coorong (DC),191,205,482,61,12,18,685,4009,
Tumby Bay (DC),108,93,226,41,7,25,317,1728,
Unley (C),6796,2733,2846,361,1774,939,3327,17221,
Victor Harbor (C),641,746,1273,159,119,108,1923,7044,
Wakefield (DC),229,209,576,65,19,33,843,4401,
Walkerville (M),1327,537,586,96,375,158,558,3331,
Wattle Range (DC),445,411,894,143,34,63,1633,8264,
West Torrens (C),5531,3038,4798,551,918,648,7106,29558,
Whyalla (C),970,624,1905,206,115,115,3602,13874,
Yankalilla (DC),218,223,483,51,42,39,657,2434,
Yorke Peninsula (DC),427,404,1012,113,44,62,1639,7486,
Unincorporated SA,132,129,428,14,12,19,588,2419,
No Usual Address,231,128,324,34,49,15,416,1423,
Albany (C),1920,1777,2956,392,229,273,4793,19227,
Armadale (C),2425,2444,4637,583,313,306,8154,31681,
Ashburton (S),317,206,681,50,49,45,1140,3598,
Augusta-Margaret River (S),869,695,950,155,101,131,1644,5804,
Bassendean (T),1160,827,1250,157,179,160,2001,7724,
Bayswater (C),5920,3659,5545,687,885,703,7853,30546,
Belmont (C),2315,1624,3601,313,340,237,4308,17596,
Beverley (S),84,83,137,17,4,11,187,1044,
Boddington (S),73,59,109,16,4,9,193,920,
Boyup Brook (S),98,74,104,14,6,12,201,973,
Bridgetown-Greenbushes (S),240,225,288,55,35,39,633,2436,
Brookton (S),42,37,90,11,3,5,109,690,
Broome (S),875,613,2082,134,129,123,1856,7248,
Broomehill (S),37,19,33,0,0,4,67,319,
Bruce Rock (S),48,38,82,6,3,9,106,666,
Bunbury (C),1724,1371,3313,360,224,210,4806,17690,
Busselton (S),1707,1406,2174,334,144,248,4025,15312,
Cambridge (T),4947,1872,2084,360,1277,581,1617,11006,
Canning (C),8891,5537,6553,954,1817,910,9974,42669,
Capel (S),755,566,608,141,84,110,1650,6273,
Carnamah (S),25,35,67,7,7,7,117,482,
Carnarvon (S),291,198,621,59,32,37,798,3649,
Chapman Valley (S),55,51,65,11,0,3,126,603,
Chittering (S),135,165,261,33,16,21,594,2297,
Claremont (T),1936,748,805,157,597,207,469,4014,
Cockburn (C),5050,4165,6560,914,787,590,11721,44676,
Collie (S),265,266,896,72,16,33,1393,5678,
Coolgardie (S),90,105,517,26,21,12,539,2488,
Coorow (S),54,62,93,12,3,8,181,788,
Corrigin (S),71,42,101,9,4,6,143,772,
Cottesloe (T),1708,582,927,101,442,148,391,2950,
Cranbrook (S),41,68,69,6,0,4,127,749,
Cuballing (S),45,41,50,8,3,3,93,530,
Cue (S),10,7,51,3,0,3,41,215,
Cunderdin (S),45,43,110,6,3,3,183,853,
Dalwallinu (S),76,47,78,3,3,8,129,1024,
Dandaragan (S),119,151,315,39,13,21,399,1822,
Dardanup (S),483,436,804,93,39,53,1761,6662,
Denmark (S),407,358,351,82,64,76,632,2538,
Derby-West Kimberley (S),265,198,690,31,37,55,619,4601,
Donnybrook-Balingup (S),283,273,358,59,34,46,708,2986,
Dowerin (S),32,24,54,3,3,0,81,501,
Dumbleyung (S),46,33,48,10,0,0,66,419,
Dundas (S),50,27,135,12,9,10,127,702,
East Fremantle (T),1183,516,640,71,303,191,631,3166,
East Pilbara (S),365,157,1007,41,39,52,999,3883,
Esperance (S),640,588,1137,144,43,102,1850,8461,
Exmouth (S),125,108,201,36,17,18,398,1158,
Fremantle (C),3684,1750,2820,325,1012,504,2855,11884,
Geraldton (C),814,728,2278,224,85,119,2773,11895,
Gingin (S),151,159,654,55,18,18,663,2591,
Gnowangerup (S),63,82,69,18,6,3,158,965,
Goomalling (S),31,29,81,11,0,8,117,662,
Gosnells (C),4923,4663,8310,1010,683,515,14012,57466,
Greenough (S),710,634,1317,160,97,93,2174,8852,
Halls Creek (S),92,52,459,14,17,17,163,2327,
Harvey (S),1036,898,1600,188,96,131,3254,12351,
Irwin (S),119,146,276,44,6,17,488,1945,
Jerramungup (S),61,51,83,10,9,9,138,769,
Joondalup (C),14756,11207,10574,2063,2272,1797,23502,83501,
Kalamunda (S),3757,3303,3965,632,625,494,7948,28812,
Kalgoorlie/Boulder (C),1590,972,3674,229,201,180,4300,17279,
Katanning (S),176,115,564,33,16,23,461,2812,
Kellerberrin (S),44,47,118,3,0,7,117,850,
Kent (S),32,27,28,3,0,4,68,415,
Kojonup (S),137,96,212,20,8,17,225,1433,
Kondinin (S),61,43,54,4,0,8,104,690,
Koorda (S),10,17,29,6,0,0,49,317,
Kulin (S),47,52,58,12,0,12,80,625,
Kwinana (T),735,813,3119,255,71,78,3577,14548,
Lake Grace (S),89,68,85,10,5,6,197,996,
Laverton (S),35,22,99,10,6,4,127,435,
Leonora (S),62,51,130,10,13,10,261,874,
Mandurah (C),2424,2718,6462,753,277,299,9073,33809,
Manjimup (S),425,350,781,126,49,68,1212,6240,
Meekatharra (S),63,32,216,11,11,9,96,707,
Melville (C),13795,7555,7736,1320,2980,1619,10434,47559,
Menzies (S),3,4,36,0,0,0,27,136,
Merredin (S),176,122,316,22,17,21,423,2143,
Mingenew (S),28,26,48,0,0,0,59,316,
Moora (S),134,76,173,35,9,13,306,1670,
Morawa (S),35,25,55,7,3,9,99,597,
Mosman Park (T),1531,565,929,95,448,200,665,3821,
Mount Magnet (S),26,11,80,3,6,4,54,279,
Mount Marshall (S),35,26,33,3,4,4,59,455,
Mukinbudin (S),30,21,22,5,0,3,64,419,
Mullewa (S),53,30,83,12,9,4,83,637,
Mundaring (S),2827,2361,3543,439,542,451,5407,19528,
Murchison (S),3,4,12,0,0,0,4,81,
Murray (S),454,506,1296,156,39,45,1899,7578,
Nannup (S),80,85,87,16,8,15,185,720,
Narembeen (S),50,38,49,10,3,3,86,671,
Narrogin (T),228,177,346,38,26,37,557,2832,
Narrogin (S),62,42,55,5,3,5,99,556,
Nedlands (C),4410,1427,1874,255,1611,434,1004,9313,
Ngaanyatjarraku (S),44,12,127,4,15,9,58,1062,
Northam (T),284,183,594,45,44,32,783,4043,
Northam (S),152,166,406,39,17,23,587,2401,
Northampton (S),127,134,327,37,12,19,462,2080,
Nungarin (S),18,13,14,0,0,0,25,177,
Peppermint Grove (S),349,104,143,26,86,21,71,788,
Perenjori (S),19,19,33,3,4,7,49,393,
Perth (C),2241,903,2925,169,637,148,954,3598,
Pingelly (S),40,45,146,4,6,5,123,789,
Plantagenet (S),231,251,392,35,24,33,604,2912,
Port Hedland (T),585,412,2737,97,72,79,1733,6244,
Quairading (S),49,49,99,10,0,5,122,681,
Ravensthorpe (S),130,89,167,29,11,12,365,1150,
Rockingham (C),3463,4221,8237,1066,357,402,14616,51952,
Roebourne (S),1000,702,2345,159,120,123,2963,9005,
Sandstone (S),4,3,22,3,0,0,9,80,
Serpentine-Jarrahdale (S),600,652,1046,130,84,69,2248,8063,
Shark Bay (S),46,39,160,12,7,4,120,470,
South Perth (C),6826,3143,4168,495,1609,796,3680,17646,
Stirling (C),22537,12583,18027,2214,3982,2700,21713,93109,
Subiaco (C),3883,1225,1699,222,1387,457,1084,6429,
Swan (C),5194,4747,8276,1032,657,559,13623,59188,
Tambellup (S),21,25,83,3,0,7,53,465,
Tammin (S),22,12,39,3,0,3,28,280,
Three Springs (S),45,28,52,3,0,0,72,454,
Toodyay (S),206,213,326,74,42,29,702,2521,
Trayning (S),17,12,38,3,0,0,43,280,
Upper Gascoyne (S),12,10,45,3,0,0,24,195,
Victoria Park (T),3870,2115,3740,377,766,442,3218,13433,
Victoria Plains (S),61,45,67,6,5,6,106,605,
Vincent (T),5094,1917,3346,316,1153,696,2675,11679,
Wagin (S),77,67,196,9,7,12,233,1246,
Wandering (S),17,21,36,3,0,6,35,241,
Wanneroo (C),5918,5946,9277,1323,682,599,17064,70128,
Waroona (S),100,129,282,30,7,17,536,2347,
West Arthur (S),59,38,56,7,3,3,76,617,
Westonia (S),11,3,13,0,0,0,19,162,
Wickepin (S),27,44,54,9,0,3,70,505,
Williams (S),52,42,61,8,3,7,105,586,
Wiluna (S),42,23,69,8,3,3,119,415,
Wongan-Ballidu (S),63,73,82,10,6,11,182,952,
Woodanilling (S),23,23,29,6,0,3,40,270,
Unincorporated WA,15,17,49,12,3,0,116,120,
Wyalkatchem (S),30,10,42,0,6,7,58,409,
No Usual Address,542,353,890,103,90,49,1100,2859,
Wyndham-East Kimberley (S),409,226,989,59,54,61,830,3968,
Yalgoo (S),15,13,36,3,0,0,27,147,
Yilgarn (S),55,47,137,10,0,11,167,996,
York (S),211,181,279,46,28,28,449,1895,
Break O'Day (M),277,240,651,92,31,33,899,3842,
Brighton (M),281,314,1346,98,40,32,1835,10169,
Burnie (C),874,750,1663,204,115,109,2833,12522,
Central Coast (M),1023,922,1835,221,104,135,3348,13069,
Central Highlands (M),89,79,219,17,16,8,258,1560,
Circular Head (M),271,231,521,62,10,22,1113,5724,
Clarence (C),4022,2848,4619,576,672,558,7239,29102,
Derwent Valley (M),297,264,999,100,42,35,1308,6431,
Devonport (C),1130,1024,2151,233,125,123,3664,15551,
Dorset (M),260,204,634,72,37,25,1026,4735,
Flinders (M),63,52,68,19,7,10,118,524,
George Town (M),206,211,577,51,37,13,937,4492,
Glamorgan/Spring Bay (M),199,233,441,47,29,25,639,2574,
Glenorchy (C),1785,1631,4496,401,237,198,6625,28037,
Hobart (C),8994,3338,4170,565,2242,1177,4745,22467,
Huon Valley (M),787,600,1240,157,163,132,1904,9019,
Kentish (M),212,230,477,57,32,23,887,3847,
King Island (M),97,86,156,21,8,11,292,970,
Kingborough (M),3656,2061,2008,415,847,490,4215,17139,
Latrobe (M),436,385,691,101,51,59,1463,5448,
Launceston (C),4911,2852,5568,661,744,485,8805,38192,
Meander Valley (M),998,808,1527,200,121,108,2716,11867,
Northern Midlands (M),554,502,1015,121,96,77,1711,8021,
Sorell (M),546,584,977,128,74,83,1913,7622,
Southern Midlands (M),184,187,475,55,19,21,726,3995,
Tasman (M),128,113,253,29,30,23,381,1283,
Waratah/Wynyard (M),631,586,1072,152,68,93,1996,8812,
West Coast (M),181,122,419,37,25,10,801,3406,
West Tamar (M),1660,1151,1638,254,308,192,3325,12288,
Unincorporated Tas,9,10,4,3,6,0,40,10,
No Usual Address,89,37,105,7,16,4,116,501,
Alice Springs (T),1993,1237,2605,245,509,379,3431,13485,
Alpurrurulam (CGC),0,3,18,0,0,0,10,314,
Angurugu (CGC),3,5,74,0,0,0,3,725,
Anmatjere (CGC),9,16,81,5,0,3,61,793,
Arltarlpilta (CGC),7,4,19,0,0,0,17,190,
Belyuen (CGC),3,0,7,0,0,0,6,155,
Binjari (CGC),0,0,44,0,0,0,3,147,
Borroloola (CGC),16,11,64,5,0,7,45,632,
Coomalie (CGC),38,47,257,10,20,4,119,606,
Cox Peninsula (CGC),24,13,38,7,7,8,58,146,
Daguragu (CGC),9,10,26,0,3,3,29,471,
Darwin (C),6773,3807,7459,730,1716,1106,9420,35274,
Elliott District (CGC),8,5,88,0,0,0,21,298,
Jabiru (T),86,59,278,3,27,11,143,530,
Jilkminggan (CGC),0,0,5,0,0,0,4,263,
Katherine (T),513,366,1257,81,58,78,1243,4596,
Kunbarllanjnja (CGC),23,6,39,3,5,6,28,776,
Lajamanu (CGC),11,4,83,0,3,5,17,542,
Litchfield (S),823,753,1911,178,140,149,2772,8837,
Ltyentye Purte (CGC),12,7,38,3,0,5,43,426,
Marngarr (CGC),0,0,26,0,0,0,19,229,
Mataranka (CGC),12,13,43,0,0,0,30,146,
Nauiyu Nambiyu (CGC),10,12,36,0,3,3,21,310,
Numbulwar Numburindi (CGC),7,11,46,8,4,0,24,581,
Nyirranggulung Mardrulk Ngadberre (CGC),19,12,75,5,0,0,48,778,
Palmerston (C),1145,1110,2644,197,168,202,3712,14535,
Pine Creek (CGC),3,4,41,3,0,3,34,255,
Tapatjatjaka (CGC),0,0,13,0,0,0,0,197,
Tennant Creek (T),123,97,436,26,23,23,308,1885,
Thamarrurr (CGC),29,10,132,7,7,9,51,1688,
Timber Creek (CGC),12,5,47,0,0,0,13,141,
Tiwi Islands (CGC),46,27,176,20,7,13,188,1656,
Walangeri Ngumpinku (CGC),9,4,54,0,0,0,21,376,
Wallace Rockhole (CGC),0,0,3,0,0,0,9,77,
Watiyawanu (CGC),3,0,24,0,0,0,3,235,
Yuendumu (CGC),15,18,26,4,9,4,32,581,
Yugul Mangi (CGC),28,23,163,11,3,6,52,1356,
Unincorporated NT,920,709,4436,159,131,142,2598,21427,
No Usual Address,163,77,343,27,22,33,383,859,
Unincorporated ACT,51544,22011,21236,3963,17823,9176,34489,163088,
No Usual Address,113,34,69,14,32,9,82,358,
Unincorporated OT,135,88,254,29,22,24,308,1439,
No Usual Address,3,3,11,0,0,0,0,7,
,,,,,,,,,
,,,,,,,,,
