lga,Negative income,Nil income,"$1-$199 ($1-$10,399)","$200-$299 ($10,400-$15,599)","$300-$399 ($15,600-$20,799)","$400-$599 ($20,800-$31,199)","$600-$799 ($31,200-$41,599)","$800-$999 ($41,600-$51,999)","$1,000-$1,249 ($52,000-$64,999)","$1,250-$1,499 ($65,000-$77,999)","$1,500-$1,999 ($78,000-$103,999)","$2,000 or more ($104,000 or more)",Not stated,Not applicable
Albury (C),176,2195,2712,4084,4352,5368,4669,3618,3102,1890,2073,1331,2943,9298
Armidale Dumaresq (A),135,1366,1692,2466,2109,2557,2278,1466,1280,816,1083,699,1547,4598
Ashfield (A),207,3266,2095,3130,3330,3488,3211,2772,2837,2100,2735,2767,3079,6212
Auburn (C),610,7777,4710,7119,5354,6289,5914,4216,3644,2327,2510,1940,6827,14495
Ballina (A),173,1633,2373,3977,4379,5220,3929,2563,1986,1265,1575,1043,2106,7043
Balranald (A),17,128,113,237,229,235,239,142,106,68,54,46,199,469
Bankstown (C),1057,14342,12001,19699,15687,16125,14394,11046,9355,5993,6369,4065,12682,39552
Bathurst Regional (A),137,1886,2379,3365,3365,3744,3170,2468,2328,1638,2000,1208,2835,7999
Bega Valley (A),139,1445,2124,3754,3673,4178,3068,2168,1560,851,972,584,1837,5589
Bellingen (A),77,625,843,1558,1524,1620,1128,696,545,335,361,203,554,2445
Berrigan (A),54,404,497,1055,896,999,732,511,406,214,194,133,583,1398
Blacktown (C),1547,22802,17897,24008,20847,23511,26009,21985,19936,13128,13679,7869,16424,71462
Bland (A),70,310,338,609,586,740,498,299,253,206,193,165,295,1285
Blayney (A),31,336,378,619,643,743,580,402,393,247,350,289,409,1567
Blue Mountains (C),286,4136,4838,5639,6378,7520,6046,4739,4761,3525,5330,3746,4202,14800
Bogan (A),24,142,171,269,262,257,221,186,151,79,90,88,272,681
Bombala (A),14,128,162,229,293,271,254,153,138,80,62,38,142,446
Boorowa (A),30,118,162,232,278,304,231,136,102,79,84,43,125,470
Botany Bay (C),186,2988,2067,3397,3211,3301,3570,2802,2512,1744,2111,1615,2700,7141
Bourke (A),19,105,111,189,212,227,228,156,172,107,137,62,431,727
Brewarrina (A),10,97,126,228,188,146,112,83,64,41,52,35,131,448
Broken Hill (C),103,716,992,2332,2519,1922,1414,900,818,591,856,433,1588,3339
Burwood (A),225,3645,1935,2863,2656,2957,2576,2030,1923,1312,1660,1538,2330,4777
Byron (A),157,1431,1702,2963,3208,3888,2776,1799,1394,807,963,838,1903,5388
Cabonne (A),84,734,693,1169,1190,1340,1117,864,746,444,591,415,625,2804
Camden (A),203,3408,3146,3405,3604,4427,4522,3970,4198,3189,3911,2500,2477,13767
Campbelltown (C) (NSW),718,10334,9137,12237,10750,12557,13677,10915,9874,5989,5929,2991,8835,32017
Canada Bay (A),379,6085,3597,4604,4305,5260,5135,4736,5135,4312,5875,8435,5152,12745
Canterbury (C),835,12315,8577,14805,11393,12646,11392,8384,6921,4488,4609,3276,10364,27456
Carrathool (A),21,128,152,217,257,276,238,233,162,83,78,52,144,554
Central Darling (A),14,96,154,244,218,202,131,94,92,51,62,39,176,412
Cessnock (C),190,2480,2973,5316,5320,5134,3992,2769,2435,1577,2037,2040,3715,10858
Clarence Valley (A),255,2173,3365,6953,6165,6512,4348,2611,1983,1150,1292,668,2976,9227
Cobar (A),30,252,241,391,393,367,299,216,238,203,319,337,380,1057
Coffs Harbour (C),297,3061,4277,7715,7332,8332,6566,4297,3470,2093,2286,1410,4178,13113
Conargo (A),53,74,117,122,120,170,135,105,76,48,49,28,85,369
Coolamon (A),36,180,205,474,443,459,359,235,194,113,126,91,265,922
Cooma-Monaro (A),38,414,648,838,954,1075,904,662,537,364,444,352,665,1869
Coonamble (A),34,185,206,442,467,465,336,241,163,110,111,83,336,861
Cootamundra (A),33,339,377,972,903,778,700,425,347,187,246,141,501,1385
Corowa Shire (A),73,491,645,1276,1183,1359,989,770,631,405,307,157,703,2016
Cowra (A),77,519,763,1514,1470,1456,1139,652,484,267,341,184,961,2310
Deniliquin (A),26,282,402,695,875,839,697,450,377,218,240,127,553,1348
Dubbo (C),160,1525,2079,3086,3421,4083,3900,2677,2423,1628,1859,984,2253,8716
Dungog (A),55,454,553,829,876,901,739,472,414,322,393,290,456,1565
Eurobodalla (A),155,1396,2346,4763,4406,4890,3300,2059,1623,833,985,540,2563,5884
Fairfield (C),1257,16546,14167,25440,16969,16557,16096,11050,8942,4861,4249,2295,11116,38222
Forbes (A),73,419,532,913,1077,1116,923,510,419,253,289,175,535,1935
Gilgandra (A),45,197,251,505,521,525,355,275,175,110,100,75,359,870
Glen Innes Severn (A),56,311,622,1204,1074,1106,752,459,342,202,205,114,642,1566
Gloucester (A),29,222,363,608,598,641,427,277,225,113,133,146,312,781
Gosford (C),631,8599,10070,13912,15702,17588,13909,10436,9697,6566,8066,6257,10645,30375
Goulburn Mulwaree (A),104,1220,1550,2571,2910,3053,2493,1775,1612,1096,1265,627,1981,5216
Great Lakes (A),166,1445,2130,4987,4822,4819,3002,1810,1250,755,885,656,2410,5294
Greater Hume Shire (A),82,511,608,942,990,1093,866,658,523,321,340,196,614,2075
Greater Taree (C),210,1879,3046,6557,5986,5750,4168,2418,1893,1076,1224,638,3025,8678
Griffith (C),169,1110,1381,2096,2112,2509,2592,1658,1394,739,784,498,1834,5480
Gundagai (A),22,179,230,357,396,423,323,232,186,99,125,92,216,782
Gunnedah (A),76,518,731,1176,1234,1303,1062,695,563,367,458,401,923,2553
Guyra (A),46,176,262,513,533,535,443,268,167,83,79,51,276,967
Gwydir (A),70,250,340,693,600,595,428,294,187,113,115,79,260,940
Harden (A),22,187,183,471,433,397,337,206,185,84,103,78,200,699
Hawkesbury (C),278,3507,3686,4246,4523,5805,5603,4543,4574,3029,3350,2200,3645,13365
Hay (A),14,142,179,333,345,323,267,182,154,85,91,44,192,596
Holroyd (C),504,7643,5985,9116,7677,8474,8368,6808,6172,4114,4309,2622,6620,20755
Hornsby (A),598,13527,10641,8779,9374,12513,11007,9551,10017,7740,11415,14745,6503,30448
Hunters Hill (A),53,1259,615,638,687,885,691,674,698,617,859,2117,908,2524
Hurstville (C),422,7453,4761,6422,6427,7185,6870,5390,5083,3394,4192,3464,3800,13995
Inverell (A),133,678,1045,1967,1694,1838,1640,972,632,343,421,231,1071,3420
Jerilderie (A),19,86,81,147,171,159,141,109,83,36,32,22,115,286
Junee (A),26,261,274,531,535,537,452,342,234,175,172,105,1103,1132
Kempsey (A),144,1096,1780,3849,3825,3450,2295,1378,1009,551,611,369,2300,5468
Kiama (A),61,1015,1380,1625,1827,2296,1678,1231,1233,928,1307,1008,890,3505
Kogarah (C),298,5293,3236,3960,3815,4779,4610,3788,3756,2633,3291,3547,2952,9844
Ku-ring-gai (A),464,10241,6911,4683,4805,7141,6245,5524,5872,4787,7198,17886,5028,22510
Kyogle (A),53,478,654,1367,1185,1160,768,477,299,189,186,118,532,1759
Lachlan (A),108,312,363,677,678,733,548,390,308,172,190,127,500,1378
Lake Macquarie (C),543,9164,11625,18729,19538,20628,15928,11945,10986,7638,9726,7652,9735,35172
Lane Cove (A),126,2265,1478,1269,1414,2009,1893,1857,2256,1811,2582,5124,1452,5969
Leeton (A),81,697,652,968,1001,1133,997,730,590,312,370,161,745,2609
Leichhardt (A),156,2381,1887,2536,2792,3060,3100,2987,3497,3245,5009,9553,3212,8785
Lismore (C),217,1869,2814,4709,4684,5306,4392,2883,2057,1226,1328,781,2082,8417
Lithgow (C),80,1009,1196,2305,2285,2089,1531,951,963,625,901,860,1599,3773
Liverpool (C),984,13909,11398,16246,12575,14157,15133,12185,11176,7212,6927,3902,12090,42250
Liverpool Plains (A),47,364,458,938,838,890,676,444,323,205,222,176,436,1458
Lockhart (A),35,151,157,341,307,354,285,202,122,83,87,59,190,631
Maitland (C),196,3405,4211,5861,5842,6312,5489,4164,3970,2750,3763,3351,3335,14828
Manly (A),169,2431,1726,1466,1748,2537,2480,2385,2566,2190,3033,6829,2666,7512
Marrickville (A),280,3863,3234,5855,5412,5855,5959,5394,5972,4673,6429,6364,5972,11233
Mid-Western Regional (A),111,1191,1311,2446,2494,2304,1709,1108,986,659,931,997,1545,4529
Moree Plains (A),112,567,710,1073,1073,1214,1212,884,791,464,509,391,1283,3148
Mosman (A),138,1973,1137,852,1032,1436,1529,1367,1622,1404,2134,5824,2000,5019
Murray (A),54,319,349,894,781,886,663,469,353,207,226,152,422,1183
Murrumbidgee (A),27,107,106,190,224,266,243,177,116,58,56,26,150,511
Muswellbrook (A),72,822,926,1060,1192,1272,1094,837,792,627,930,1271,1309,3603
Nambucca (A),93,734,1192,2938,2798,2523,1554,895,614,340,403,204,1041,3316
Narrabri (A),95,560,694,1218,1156,1350,1159,819,730,447,485,362,973,2872
Narrandera (A),41,277,364,601,616,674,531,389,267,154,160,83,509,1241
Narromine (A),62,313,328,596,655,765,607,422,305,224,203,131,408,1573
Newcastle (C),516,7074,8747,13998,14779,14871,12383,9749,9644,6972,8758,7072,8674,25305
North Sydney (A),245,3358,1790,1919,2331,3501,3598,3865,4953,4696,6797,12767,5531,6939
Oberon (A),27,248,297,448,453,550,461,336,298,177,224,120,384,1025
Orange (C),128,1788,2171,2972,3295,3612,3297,2490,2269,1631,2058,1616,2296,8422
Palerang (A),62,718,763,698,766,1117,988,895,1089,863,1197,1280,824,3096
Parkes (A),106,634,871,1463,1671,1489,1155,836,680,478,543,398,993,3276
Parramatta (C),836,14207,10267,13870,12460,13922,13372,11220,10753,7650,8754,6146,11844,31557
Penrith (C),730,10865,10232,12969,12541,15410,16149,14112,13394,8698,9173,4922,10556,38710
Pittwater (A),286,3454,3283,2690,3185,4964,4410,3842,3839,2922,3700,5970,3175,11424
Port Macquarie-Hastings (A),255,3082,4459,9012,8665,9380,6748,4250,3289,2100,2495,1655,4352,12941
Port Stephens (A),271,3106,4059,6751,6262,7301,5495,3909,3728,2404,2857,1942,4100,12626
Queanbeyan (C),106,1715,1646,1898,2198,2764,3154,2912,3253,2609,3216,2722,2108,7695
Randwick (C),693,11034,6250,7849,8173,9711,8830,8043,8839,7235,9378,11832,11617,19506
Richmond Valley (A),111,928,1435,2882,2576,2599,2145,1389,932,420,441,199,1382,4592
Rockdale (C),544,7694,5285,8292,7935,8936,8447,6813,6456,4343,4976,3721,6976,16927
Ryde (C),599,10126,5942,6740,6998,8350,7675,6773,6951,5392,6937,7703,5737,17119
Shellharbour (C),233,3753,4101,6822,6095,6260,5021,3876,3466,2455,3066,1836,3055,13564
Shoalhaven (C),333,4103,5944,11919,11116,11383,8073,5106,4224,2681,3163,1758,6608,16400
Singleton (A),99,1428,1429,1542,1549,1844,1631,1147,1104,912,1427,2328,1241,5027
Snowy River (A),39,301,344,442,527,785,776,564,510,294,339,223,875,1483
Strathfield (A),268,4117,1969,2488,2264,2843,2685,2292,2198,1558,1898,2148,2714,5747
Sutherland Shire (A),762,11803,12182,12642,14096,18785,16845,14737,15385,11892,15572,15828,9959,40368
Sydney (C),1127,12497,6073,10046,10211,11123,11346,11281,13065,11216,15281,21548,22646,12042
Tamworth Regional (A),295,2365,3241,5497,5531,6147,5643,3850,3095,1929,2148,1249,3505,11796
Temora (A),43,282,317,728,745,694,551,345,227,146,184,81,262,1172
Tenterfield (A),55,251,512,988,901,760,575,354,234,135,146,96,499,1298
The Hills Shire (A),708,14303,10764,9003,9009,12856,11795,10554,11315,8913,12694,15534,6130,36296
Tumbarumba (A),19,191,220,297,351,336,316,214,160,106,114,77,332,625
Tumut Shire (A),62,521,699,1159,1177,1151,1004,657,630,383,457,259,581,2213
Tweed (A),428,3945,5128,10288,10137,10597,7675,5088,4132,2510,2757,1681,5590,15158
Upper Hunter Shire (A),85,694,804,1200,1205,1278,1315,850,698,453,644,702,921,2909
Upper Lachlan Shire (A),50,375,463,708,760,792,619,486,443,254,292,200,448,1317
Uralla (A),42,300,397,614,556,765,575,363,314,186,224,103,319,1273
Urana (A),15,57,72,144,127,116,106,61,42,29,19,16,91,239
Wagga Wagga (C),227,2724,3557,4901,5033,5981,6012,4447,4079,2517,2922,1673,2803,12574
Wakool (A),59,213,278,431,463,461,382,215,194,91,96,74,326,692
Walcha (A),34,148,193,324,333,349,301,192,168,85,68,74,184,563
Walgett (A),75,277,358,807,814,602,455,330,280,153,173,124,636,1371
Warren (A),12,115,157,253,312,305,274,198,166,71,84,52,188,575
Warringah (A),487,8160,7234,7705,8543,12262,11194,9559,9799,7359,9347,13399,7385,28309
Warrumbungle Shire (A),86,480,572,1322,1228,1110,756,423,321,220,229,150,747,1933
Waverley (A),250,3554,2090,2595,3123,4024,4061,4111,4539,3930,5262,8997,7148,9799
Weddin (A),30,197,202,524,511,427,320,188,135,71,105,50,222,682
Wellington (A),61,309,442,957,1030,895,659,413,349,219,236,124,1040,1742
Wentworth (A),62,320,412,685,647,744,579,400,329,211,215,195,473,1336
Willoughby (C),337,6154,3381,3175,3116,4188,3985,3760,4247,3426,4984,10102,3636,12864
Wingecarribee (A),201,2519,2587,3543,4020,4919,3942,2931,2592,1685,2125,1996,2709,8608
Wollondilly (A),182,2728,2403,3024,2986,3838,3637,3020,2805,2004,2558,1764,2310,9983
Wollongong (C),870,12042,12472,20452,18756,18807,14338,10981,10629,7824,10691,8217,10674,35674
Woollahra (A),255,3560,1716,1481,1818,2744,2805,2889,3405,3019,4288,10528,5600,8054
Wyong (A),566,7337,9184,16291,15906,16823,13282,9474,7818,5082,5224,3278,9159,30320
Yass Valley (A),65,712,831,823,905,1212,1116,977,1130,861,1132,1081,854,3319
Young (A),63,546,734,1378,1393,1355,1208,702,482,295,371,235,770,2709
Unincorporated NSW,17,45,60,107,101,169,130,98,66,45,30,44,62,191
No Usual Address (NSW),116,1105,947,2022,1582,1184,863,645,494,287,366,323,1809,1181
Alpine (S),55,467,792,1390,1433,1548,1198,819,646,341,323,220,620,2027
Ararat (RC),74,442,659,1136,1254,1399,1181,714,573,329,298,176,984,1971
Ballarat (C),300,4443,6106,9272,8970,10256,8792,6538,5660,3487,3503,2447,5571,18164
Banyule (C),527,7462,7734,9003,8967,11057,9407,8162,8382,6337,7421,6756,6015,21078
Bass Coast (S),145,1222,1793,3344,3303,3843,2763,1702,1517,930,809,1015,2180,5048
Baw Baw (S),218,2275,2750,3952,3959,4832,3874,2813,2474,1647,1665,1250,2572,8581
Bayside (C),347,6287,5496,4738,5440,7083,5910,4938,5490,4307,5863,12242,5661,18001
Benalla (RC),76,623,981,1448,1624,1700,1416,902,789,416,407,227,658,2373
Boroondara (C),645,13341,10263,8180,8590,11574,10314,9502,10404,8103,10862,21295,8335,27767
Brimbank (C),1213,14582,12952,21176,14631,15952,16392,12435,10309,5938,5131,3034,14182,34800
Buloke (S),66,345,390,763,837,812,594,363,326,144,129,86,379,1165
Campaspe (S),219,1667,2292,3682,3932,4487,3366,2402,1938,1104,1015,597,2427,7240
Cardinia (S),342,4321,4549,5349,5306,6799,6697,5713,5228,3338,3162,2061,3982,17328
Casey (C),1297,18737,16249,18823,16677,21572,24288,19701,17404,10537,9552,5941,13012,58599
Central Goldfields (S),74,508,778,1950,1870,1675,1227,656,447,208,174,102,749,2075
Colac-Otway (S),112,921,1308,1911,2085,2578,2070,1504,1163,619,538,364,1321,3852
Corangamite (S),136,703,1031,1577,1778,1926,1583,1038,889,507,446,392,964,3398
Darebin (C),689,9007,8247,13981,11984,12349,11037,9013,9111,6299,6777,5972,9758,22248
East Gippsland (S),213,1908,2652,5275,5071,5358,4179,2589,2018,1083,1080,768,2722,7268
Frankston (C),510,7021,7722,10290,10801,12697,11976,10004,9019,5590,5257,3248,8014,24312
Gannawarra (S),89,460,656,1221,1299,1380,1035,592,453,244,188,139,730,1885
Glen Eira (C),570,9615,7513,8305,8757,11128,9911,8654,8864,6930,8433,11000,7683,23643
Glenelg (S),108,935,1368,2148,2179,2063,1711,1166,1022,668,925,488,1137,3650
Golden Plains (S),92,1081,1264,1626,1418,1787,1684,1278,1187,779,755,485,995,4340
Greater Bendigo (C),324,4322,6858,9766,9826,11492,9866,6845,6109,3742,3726,2327,5698,19710
Greater Dandenong (C),1043,12108,9584,16229,12150,13493,13690,9084,6563,3490,2703,1363,9481,24630
Greater Geelong (C),874,11368,13823,20672,19833,22419,18432,13820,13165,8664,9439,6912,12497,38955
Greater Shepparton (C),291,2646,3785,5697,5439,6762,5901,4182,3485,1961,1882,1145,4321,12951
Hepburn (S),81,702,947,1616,1702,1808,1288,917,760,469,409,323,883,2461
Hindmarsh (S),39,273,331,634,803,776,621,350,257,170,133,76,296,1035
Hobsons Bay (C),415,5523,5101,7454,6708,6983,6578,5615,5496,4026,4648,4605,5500,15204
Horsham (RC),75,766,1155,1770,1975,2270,2119,1441,1200,680,599,397,1076,3759
Hume (C),1070,11722,12176,16544,12265,14367,14253,11357,10012,6127,5599,3224,10773,38084
Indigo (S),71,726,1042,1263,1457,1610,1419,1104,1015,629,666,378,923,2874
Kingston (C),578,9112,8884,11111,11472,13389,12343,10140,10040,7056,7943,6816,8446,25106
Knox (C),593,10181,10588,10981,10992,14072,13551,11695,11036,7435,7912,5659,6946,27646
Latrobe (C),315,3992,4776,7664,7455,7526,5660,4007,3834,2498,3058,2762,4759,14096
Loddon (S),93,352,504,1057,1068,903,670,409,295,131,138,64,492,1293
Macedon Ranges (S),192,2627,2871,2944,3002,3901,3244,2742,2737,1946,2405,2226,2120,8900
Manningham (C),561,9453,8028,8876,8019,10368,8863,7105,7086,5279,6399,7702,5295,18265
Mansfield (S),42,448,531,787,767,970,763,581,434,278,209,196,436,1463
Maribyrnong (C),391,5105,4256,6541,5439,5754,5699,4754,4716,3509,4073,3469,6069,11870
Maroondah (C),331,5813,6946,7405,8261,10250,9266,7705,7732,5249,5760,4304,5313,19488
Melbourne (C),827,12337,5210,5515,4597,6107,6294,6093,7326,5888,6944,9059,10777,6642
Melton (S),505,7341,6525,7581,6532,8710,9715,8354,7906,5041,4576,2558,6916,26995
Mildura (RC),260,2342,3317,5594,5105,5738,4802,3292,2706,1505,1327,887,3406,10696
Mitchell (S),144,2231,2222,2786,2630,3193,3040,2455,2365,1459,1373,870,2252,7619
Moira (S),262,1275,1694,3284,3223,3438,2610,1780,1410,752,655,361,1942,5438
Monash (C),1024,17092,12093,14360,12972,15643,13531,11005,10626,7624,9123,8867,8985,26348
Moonee Valley (C),428,6664,6602,9145,8306,8927,8096,7141,7553,5611,6735,7195,6778,18255
Moorabool (S),144,1752,1787,2411,2382,2618,2329,1900,1842,1269,1302,895,1562,5908
Moreland (C),790,9099,8559,15041,12694,13445,11974,9873,10015,7438,7793,6079,10589,23856
Mornington Peninsula (S),572,7425,8745,12486,13529,16484,12875,9267,8686,5848,6601,5811,9735,26552
Mount Alexander (S),74,759,1170,1871,2069,2160,1579,1140,892,585,526,364,1540,2863
Moyne (S),126,728,1048,1318,1396,1815,1466,1196,923,602,557,441,924,3413
Murrindindi (S),103,732,890,1387,1276,1513,1188,809,769,495,478,244,937,2242
Nillumbik (S),208,4133,4279,3182,3486,5044,4710,4084,4275,3322,4210,4385,2456,12577
Northern Grampians (S),52,515,793,1401,1413,1544,1183,754,553,318,330,219,703,2074
Port Phillip (C),345,4314,3176,4808,5058,6038,6516,6907,8119,6678,8577,12811,7971,10044
Pyrenees (S),61,317,449,902,872,818,610,361,265,133,139,101,512,1141
Queenscliffe (B),10,130,156,235,299,410,291,170,209,134,178,162,181,435
South Gippsland (S),160,1283,1835,2751,2886,3284,2472,1808,1546,947,885,641,1571,5140
Southern Grampians (S),97,710,1040,1571,1780,2012,1699,1182,899,567,563,363,829,3042
Stonnington (C),373,6402,4335,4923,4895,6172,6499,6407,7148,5911,7325,13362,7221,12176
Strathbogie (S),56,426,580,1146,1110,1242,921,592,518,286,268,194,665,1479
Surf Coast (S),128,1337,1653,1820,1933,2583,2186,1654,1692,1206,1448,1303,1403,5528
Swan Hill (RC),121,943,1220,1997,2077,2407,2164,1322,1034,579,461,345,1542,4228
Towong (S),36,283,394,650,667,714,532,398,329,200,167,108,344,1061
Wangaratta (RC),116,1114,1843,2660,2849,3194,2844,1882,1573,879,848,502,1450,5081
Warrnambool (C),112,1322,2126,2912,2961,3696,3233,2259,1938,1262,1181,744,1951,6340
Wellington (S),187,2325,2694,4072,4035,4566,3469,2435,2207,1319,1471,1466,3335,7866
West Wimmera (S),36,213,235,441,450,521,394,310,253,139,125,87,258,796
Whitehorse (C),771,12695,10553,11734,11593,13967,11713,9639,9520,6990,8850,9221,7954,26138
Whittlesea (C),808,11415,10358,15018,10908,13669,14217,11712,10291,6310,5666,2952,9334,32214
Wodonga (RC),116,1600,2202,2922,2895,3720,3750,2787,2443,1525,1403,719,1711,7716
Wyndham (C),835,12046,9734,10498,8825,12408,13801,12504,11888,7826,7864,5334,9687,38320
Yarra (C),262,3144,3391,5618,4925,5386,5241,5259,6240,5133,6464,8364,5919,8755
Yarra Ranges (S),606,8304,9913,10692,11333,14607,13452,10772,10184,6607,6720,4716,7778,28864
Yarriambiack (S),36,305,454,805,908,870,651,428,350,174,161,99,605,1242
Unincorporated Vic,5,29,27,32,41,97,111,90,69,36,30,49,84,92
No Usual Address (Vic.),69,748,673,1205,955,737,658,385,330,206,215,211,884,1040
Aurukun (S),0,54,113,355,106,35,16,12,32,13,16,5,139,394
Balonne (S),45,197,241,342,336,473,410,313,293,175,165,134,391,1209
Banana (S),154,811,811,936,987,1197,1146,847,812,541,741,1159,923,3401
Barcaldine (R),25,143,169,253,286,297,263,233,229,133,149,95,241,703
Barcoo (S),0,17,19,14,34,42,48,38,28,13,14,9,25,60
Blackall Tambo (R),23,96,138,208,235,217,233,170,113,64,68,64,140,433
Boulia (S),3,16,13,42,42,62,57,33,27,14,13,12,34,108
Brisbane (C),4430,68477,58109,67507,70960,87517,83643,73362,76222,57769,72042,74995,61047,185761
Bulloo (S),3,14,10,12,25,52,51,34,33,27,25,11,31,89
Bundaberg (R),441,4077,5679,11936,10014,10300,7952,5157,4070,2599,2645,1759,5752,17429
Burdekin (S),96,779,939,1501,1635,1877,1645,1233,1114,659,646,424,1227,3606
Burke (S),3,6,14,22,25,46,49,38,34,24,34,46,92,84
Cairns (R),739,7381,7927,10728,11070,15263,15399,11919,10272,6784,7061,4838,12939,33852
Carpentaria (S),6,69,104,150,134,200,223,121,103,73,81,45,308,443
Cassowary Coast (R),201,1337,1488,2774,2669,3206,2934,1830,1539,865,861,542,2026,5413
Central Highlands (R),180,1476,1457,1235,1291,1822,1848,1476,1643,1308,1942,3403,2567,7068
Charters Towers (R),107,685,674,1056,1164,1160,873,621,628,450,540,429,1017,2776
Cherbourg (S),0,53,114,261,168,75,44,21,16,9,3,3,17,449
Cloncurry (S),18,139,120,176,128,193,229,176,233,172,282,294,415,659
Cook (S),23,154,166,373,369,405,339,222,211,130,109,63,830,753
Croydon (S),3,20,19,12,26,37,19,15,17,10,6,4,45,80
Diamantina (S),0,16,11,19,9,41,44,31,26,15,8,11,9,44
Doomadgee (S),0,66,73,310,76,91,64,36,33,11,11,10,21,492
Etheridge (S),14,38,57,78,85,105,105,48,36,25,19,24,89,167
Flinders (S),23,78,76,160,158,168,159,95,110,66,79,50,177,373
Fraser Coast (R),469,4405,6043,13392,11219,11337,7825,5128,4229,2543,2418,1477,6592,18232
Gladstone (R),254,3259,3297,3748,3730,4243,3598,2757,3151,2855,4480,4913,4374,13229
Gold Coast (C),2781,29085,27776,40152,39015,51571,47715,35978,31518,20677,21370,18404,36713,91725
Goondiwindi (R),100,444,502,852,843,1069,1045,703,699,384,350,249,835,2541
Gympie (R),288,2109,2870,5961,5019,5428,3984,2386,2007,1235,1211,726,3145,9383
Hinchinbrook (S),59,518,707,1196,1379,1355,1090,796,616,381,414,268,738,2046
Hope Vale (S),0,47,85,202,105,73,55,21,29,7,9,7,46,295
Ipswich (C),619,8839,9332,12595,12548,15235,15367,12769,11870,7584,6918,3524,9886,39826
Isaac (R),141,1201,1081,725,730,1135,1073,941,1061,875,1645,3894,2370,5709
Kowanyama (S),0,36,88,276,103,85,66,23,30,5,11,8,14,291
Lockhart River (S),0,31,25,107,39,45,27,19,12,12,14,0,13,131
Lockyer Valley (R),192,1859,2322,3648,3187,3652,3041,2277,1842,1133,1073,482,2532,7728
Logan (C),1347,16168,16141,21843,19964,25674,27188,21480,18902,11576,10391,5741,17004,64626
Longreach (R),24,149,158,268,286,400,432,327,325,196,196,108,285,1028
Mackay (R),491,5718,5695,6869,7251,9418,8750,7216,7039,5574,7499,8552,8765,23958
McKinlay (S),10,20,28,36,54,91,125,75,67,56,79,116,134,162
Mapoon (S),0,20,12,67,32,19,19,11,10,4,0,0,9,62
Maranoa (R),140,557,589,835,896,1188,1171,933,870,596,681,481,1160,2970
Moreton Bay (R),1503,19808,22737,30208,29618,36601,33867,26786,25516,16920,17749,12849,20914,82964
Mornington (S),0,74,51,260,92,55,45,37,33,22,29,6,33,400
Mount Isa (C),83,958,745,801,925,1203,1194,1028,1253,1097,1956,2148,2728,5114
Murweh (S),30,177,228,367,413,469,460,351,289,169,146,128,374,1020
Napranum (S),0,74,64,225,44,42,45,16,16,5,8,3,11,291
North Burnett (R),135,437,609,1124,1093,1129,996,600,430,215,291,194,910,1978
Northern Peninsula Area (R),5,196,80,221,154,203,233,107,89,37,43,23,101,807
Palm Island (S),0,106,140,595,224,186,147,61,46,24,32,12,44,734
Paroo (S),19,78,68,185,196,198,161,106,122,78,48,31,149,424
Pormpuraaw (S),0,24,51,152,84,59,58,18,14,8,15,3,10,168
Quilpie (S),12,55,46,63,75,111,101,72,70,39,29,29,73,202
Redland (C),497,7705,8286,10654,10978,13486,12548,10237,9669,6642,7405,6067,6682,27810
Richmond (S),22,25,39,45,59,108,95,57,45,17,28,32,72,176
Rockhampton (R),471,5177,5946,9089,8897,10172,9201,6986,6572,4589,5625,4602,9174,22846
Scenic Rim (R),218,1923,2311,3591,3528,4049,3324,2386,2038,1364,1307,885,2012,7524
Somerset (R),143,1092,1390,2542,2167,2312,1811,1375,1175,695,655,357,1336,4575
South Burnett (R),189,1238,1996,4260,3598,3330,2631,1616,1261,747,877,676,1986,6632
Southern Downs (R),208,1416,2239,3908,3663,4224,3468,2175,1454,886,866,396,1998,6973
Sunshine Coast (R),1492,15184,19242,28816,28921,36611,29083,20710,17783,11711,11821,9896,17579,58077
Tablelands (R),291,2051,2683,4702,4540,4897,3811,2520,2071,1340,1279,878,3861,8806
Toowoomba (R),723,7241,8907,12686,13349,16079,14365,10620,9225,5960,6603,4063,8873,32503
Torres (S),10,183,77,170,149,243,238,190,183,156,165,96,414,973
Torres Strait Island (R),0,210,132,877,336,379,319,100,72,34,40,27,176,1542
Townsville (C),643,8517,9843,11330,11607,14855,14943,12822,13678,9498,10084,7017,12796,36826
Weipa (T),5,137,102,46,70,156,138,193,200,236,393,407,367,878
Western Downs (R),249,1288,1716,2707,2700,3087,2709,1932,1804,1116,1279,1121,2489,7379
Whitsunday (R),188,1262,1422,2134,2356,3316,3301,2309,1860,1176,1315,1401,3504,5889
Winton (S),27,51,55,117,124,153,123,105,93,52,48,23,113,257
Woorabinda (S),0,35,94,184,85,65,47,23,20,10,6,0,27,340
Wujal Wujal (S),3,13,40,85,16,23,21,6,0,0,3,0,0,57
Yarrabah (S),0,93,240,599,221,190,126,44,25,13,11,3,16,829
Unincorporated Qld,3,19,22,26,38,51,53,40,36,18,19,29,91,22
No Usual Address (Qld),107,1032,783,1819,1529,1430,960,631,522,344,344,428,1558,1059
Adelaide (C),177,2762,1215,1428,1260,1526,1391,1220,1257,1016,1292,1624,2316,1143
Adelaide Hills (DC),194,2202,2676,2464,2633,3536,3156,2681,2732,2109,2559,2513,1576,7591
Alexandrina (DC),108,1117,1618,2823,2803,2976,2318,1600,1223,733,738,492,1159,3994
Anangu Pitjantjatjara (AC),0,115,227,649,270,120,75,49,71,45,42,29,102,639
Barossa (DC),94,987,1358,1917,2105,2408,2184,1730,1589,952,966,648,830,4408
Barunga West (DC),16,112,125,377,330,341,168,149,103,75,84,52,128,392
Berri and Barmera (DC),54,407,642,1270,1231,1250,1030,648,538,307,276,139,702,2087
Burnside (C),211,3162,2682,2472,2842,3601,2986,2702,2826,2225,3013,4681,2082,6702
Campbelltown (C) (SA),195,3189,3312,4653,4653,5022,4352,3285,3206,2080,2436,1528,2216,8045
Ceduna (DC),18,135,156,343,267,358,361,277,261,150,117,60,219,760
Charles Sturt (C),420,5434,6636,11124,10941,10883,9742,7546,6930,4632,5074,3365,5612,16642
Clare and Gilbert Valleys (DC),53,372,578,824,876,993,904,642,499,313,354,227,409,1707
Cleve (DC),21,56,122,125,191,218,197,146,111,59,49,33,51,366
Coober Pedy (DC),11,65,99,198,196,149,123,91,84,65,62,47,225,282
Copper Coast (DC),56,471,826,1956,1754,1634,1188,724,561,352,336,232,658,2201
Elliston (DC),6,57,69,101,100,137,100,84,59,32,24,27,39,203
Flinders Ranges (DC),10,71,108,206,176,174,168,84,106,64,64,53,100,315
Franklin Harbour (DC),15,64,66,171,109,160,97,66,65,37,54,38,91,240
Gawler (T),76,953,1333,2050,2157,2265,1907,1532,1379,784,896,435,1034,3737
Goyder (DC),30,200,289,513,510,490,361,270,196,127,92,71,242,773
Grant (DC),48,379,514,593,578,760,755,590,509,338,317,193,613,1656
Holdfast Bay (C),128,1641,2028,2446,3094,4006,3086,2696,2543,1802,2261,2372,2139,4358
Kangaroo Island (DC),46,167,265,434,485,625,441,338,252,135,102,68,275,793
Karoonda East Murray (DC),14,52,74,131,124,128,90,60,33,27,23,10,71,194
Kimba (DC),0,48,43,110,88,123,99,93,84,34,41,30,68,215
Kingston (DC),22,94,147,279,223,314,234,176,106,81,60,48,130,362
Light (RegC),53,777,907,1142,1030,1343,1252,997,964,644,615,394,555,3109
Lower Eyre Peninsula (DC),33,246,299,439,400,542,422,331,317,191,157,145,314,1086
Loxton Waikerie (DC),72,463,769,1281,1306,1459,1213,697,556,360,271,183,512,2147
Mallala (DC),54,491,571,810,674,829,790,717,543,349,263,161,404,1702
Maralinga Tjarutja (AC),0,0,19,11,5,3,7,0,0,0,0,3,10,18
Marion (C),313,4383,5254,7745,8353,8854,7647,6545,6144,3974,4239,2201,3878,13464
Mid Murray (DC),47,363,483,1156,1011,1018,720,496,400,185,170,99,755,1242
Mitcham (C),201,3697,4321,4510,4755,6303,4985,4296,4417,3416,4480,4070,2472,10982
Mount Barker (DC),126,1520,1909,2239,2250,3051,2795,2168,2057,1476,1493,1081,1087,6514
Mount Gambier (C),95,972,1633,2615,2694,2832,2499,1885,1524,939,824,463,1034,5248
Mount Remarkable (DC),11,141,212,381,320,307,238,164,145,119,93,68,186,479
Murray Bridge (RC),77,865,1223,2290,2122,2345,2101,1332,964,480,420,195,1532,3785
Naracoorte and Lucindale (DC),62,297,471,661,695,959,972,725,527,263,234,197,436,1620
Northern Areas (DC),29,180,295,578,494,557,408,281,250,151,158,106,189,832
Norwood Payneham St Peters (C),188,2346,2105,2994,3103,3340,2810,2444,2381,1841,2231,2407,1842,4855
Onkaparinga (C),519,7710,10496,15282,14242,17413,15817,12844,10830,6679,6196,3267,7175,31107
Orroroo/Carrieton (DC),14,30,71,113,102,101,84,54,46,32,25,20,44,126
Peterborough (DC),6,53,130,309,283,204,122,89,37,35,26,18,111,302
Playford (C),306,3722,5218,9028,7649,8133,7703,5556,4396,2152,1721,755,4556,18217
Port Adelaide Enfield (C),500,6364,7062,12464,11926,11241,10276,7884,7032,4662,4368,2312,7321,19404
Port Augusta (C),49,559,739,1279,1181,1309,1089,854,851,616,613,334,1660,2845
Port Lincoln (C),66,598,788,1271,1510,1609,1336,1011,854,547,492,376,754,2875
Port Pirie City and Dists (M),63,716,1174,2323,2182,1957,1295,859,852,642,597,328,883,3463
Prospect (C),63,1146,1252,1535,1513,1799,1630,1447,1417,1161,1486,1147,976,3372
Renmark Paringa (DC),51,400,568,1028,986,1147,985,626,417,239,218,115,701,1760
Robe (DC),13,47,73,127,125,187,175,115,79,47,46,28,107,227
Roxby Downs (M),9,228,155,69,68,171,162,170,271,317,620,901,497,1076
Salisbury (C),582,6933,8719,13824,11266,13029,13050,10320,8341,4464,3738,1737,7464,25636
Southern Mallee (DC),40,74,137,212,245,232,230,184,104,59,44,45,102,401
Streaky Bay (DC),18,86,142,209,220,260,190,126,103,53,79,31,162,427
Tatiara (DC),84,272,421,503,649,801,837,515,362,191,145,108,246,1413
Tea Tree Gully (C),272,5055,6332,8316,8059,9700,9034,8039,7495,4725,4981,2714,3552,17196
The Coorong (DC),59,189,367,683,624,684,549,339,235,129,99,74,444,1056
Tumby Bay (DC),21,74,172,323,316,347,240,181,123,102,59,50,106,461
Unley (C),139,2149,2149,2412,2464,3164,2828,2354,2466,2041,2738,3531,2488,5936
Victor Harbor (C),67,587,829,2020,1887,2093,1257,765,558,355,296,245,1050,1828
Wakefield (DC),54,289,378,761,754,710,704,480,305,187,182,95,372,1371
Walkerville (M),22,503,434,437,504,583,532,425,431,338,480,809,473,1030
Wattle Range (DC),122,585,797,1231,1180,1378,1057,711,613,384,471,270,537,2286
West Torrens (C),261,3251,3382,5303,5273,6051,5268,4375,3870,2497,2692,1592,3059,8070
Whyalla (C),61,1075,1376,2605,2220,1977,1391,1131,1237,1015,1263,746,1554,4431
Wudinna (DC),11,43,56,136,110,150,108,125,76,47,40,22,34,279
Yankalilla (DC),26,162,308,596,536,565,453,286,195,122,125,89,276,651
Yorke Peninsula (DC),67,450,721,1724,1501,1460,988,611,485,317,262,193,536,1701
Unincorporated SA,26,142,183,322,276,343,308,221,260,230,349,375,624,781
No Usual Address (SA),22,201,207,481,369,306,250,143,129,76,84,57,444,299
Albany (C),219,1576,1949,3144,3246,3856,3025,2130,2037,1348,1459,991,1949,6733
Armadale (C),272,3578,3621,4552,4556,5398,5113,4449,4474,3061,3262,2714,3874,13371
Ashburton (S),45,360,251,156,152,282,249,267,387,497,985,3131,1458,1786
Augusta-Margaret River (S),72,512,629,808,882,1334,1157,817,729,488,496,463,907,2470
Bassendean (T),58,755,759,1156,1234,1307,1153,1032,994,819,998,775,802,2562
Bayswater (C),277,3573,3135,4886,4927,5406,4994,4429,4643,3359,4099,3790,4033,9711
Belmont (C),193,2121,1715,2698,2759,2860,2779,2502,2656,1873,2163,2019,3051,5815
Beverley (S),19,75,81,226,194,182,136,71,73,44,52,45,90,273
Boddington (S),8,115,73,81,77,116,85,67,121,128,245,337,387,373
Boyup Brook (S),18,59,105,158,156,173,134,98,84,51,73,50,99,337
Bridgetown-Greenbushes (S),28,193,302,491,439,507,339,213,227,154,187,165,175,893
Brookton (S),7,40,44,103,116,103,79,50,46,25,37,29,73,190
Broome (S),66,613,575,975,824,872,1079,1015,1120,812,1018,825,1600,3625
Broomehill-Tambellup (S),5,77,57,108,96,111,96,67,64,32,29,25,58,307
Bruce Rock (S),23,49,52,86,82,102,74,73,39,38,30,34,61,229
Bunbury (C),122,1568,1619,2651,2757,3195,2592,1931,1881,1417,1845,1706,2567,5502
Busselton (S),153,1445,1723,2518,2556,3381,2607,1973,1761,1204,1426,1323,1713,6546
Cambridge (T),72,1695,1443,1126,1243,1581,1393,1335,1452,1229,1858,4220,1168,5152
Canning (C),473,7817,5727,6041,5943,7177,6663,5600,6057,4380,5228,4929,4756,14722
Capel (S),77,949,857,841,787,1118,942,818,879,705,927,964,744,4024
Carnamah (S),9,24,30,51,44,50,53,30,42,19,21,19,47,108
Carnarvon (S),43,248,198,467,407,536,472,364,305,224,257,250,707,1306
Chapman Valley (S),11,70,69,93,71,120,94,86,62,45,66,45,86,259
Chittering (S),25,352,260,355,279,390,289,282,264,204,239,249,264,976
Claremont (T),52,719,567,407,512,739,514,513,544,437,617,1532,676,1458
Cockburn (C),416,5361,5142,6329,5657,7154,6670,6016,6683,5089,6149,5540,4733,18753
Collie (S),55,574,528,858,772,694,523,349,343,362,673,946,676,1769
Coolgardie (S),23,294,165,192,195,199,181,135,167,181,347,483,435,1000
Coorow (S),15,58,68,111,98,107,85,51,62,50,59,34,76,186
Corrigin (S),13,58,50,84,114,127,122,74,67,45,38,26,53,190
Cottesloe (T),37,475,397,287,311,438,407,412,428,390,547,1478,675,1326
Cranbrook (S),19,58,55,109,92,118,89,72,48,40,45,24,89,231
Cuballing (S),16,60,64,86,66,94,79,58,46,29,31,21,39,183
Cue (S),6,14,16,30,21,32,7,8,5,4,12,11,49,47
Cunderdin (S),19,119,79,123,95,127,115,91,77,65,50,48,57,250
Dalwallinu (S),16,69,57,72,73,145,124,92,114,83,67,52,73,249
Dandaragan (S),45,127,157,276,209,359,264,205,181,125,169,134,326,613
Dardanup (S),49,652,727,887,777,1141,935,705,767,577,821,767,743,2854
Denmark (S),38,252,348,524,570,672,441,302,271,163,191,167,254,1002
Derby-West Kimberley (S),18,272,436,904,497,384,344,272,351,283,305,223,2191,1941
Donnybrook-Balingup (S),40,321,339,528,506,570,443,292,322,179,244,233,269,1042
Dowerin (S),9,18,41,75,65,65,68,42,47,16,25,22,29,159
Dumbleyung (S),9,21,45,56,57,76,58,44,32,25,18,9,23,119
Dundas (S),3,58,36,62,85,67,60,63,50,50,81,125,186,219
East Fremantle (T),34,399,365,387,403,499,408,380,459,395,570,910,429,1300
East Pilbara (S),19,356,301,417,181,250,266,294,533,519,1241,3434,2322,1829
Esperance (S),120,678,746,940,1038,1314,1133,835,827,592,683,496,1089,2989
Exmouth (S),8,97,87,142,133,229,244,171,181,113,155,169,192,470
Fremantle (C),92,1300,1402,2193,2285,2314,1814,1609,1808,1324,1963,2519,2005,3950
Geraldton-Greenough (C),167,1863,1922,2713,2687,3473,2767,2276,2310,1707,2117,1717,2590,8141
Gingin (S),40,296,291,538,384,416,361,276,266,180,173,182,369,917
Gnowangerup (S),21,58,47,94,99,114,113,91,86,69,51,38,63,326
Goomalling (S),8,47,56,114,86,111,87,66,44,38,36,15,52,233
Gosnells (C),514,7099,6314,7703,6875,8673,8643,7702,7849,5347,5580,4082,7598,22594
Halls Creek (S),3,250,210,641,335,146,142,109,112,101,128,116,207,1071
Harvey (S),124,1409,1405,1677,1609,1973,1624,1247,1338,1048,1517,1467,1439,5346
Irwin (S),28,188,207,392,275,349,259,192,186,146,192,178,232,751
Jerramungup (S),16,38,57,67,71,124,95,88,66,41,45,38,60,239
Joondalup (C),558,10385,10169,8845,8870,12653,11258,10102,10905,8514,11341,12665,6666,29453
Kalamunda (S),239,3331,3118,3481,3535,4601,4200,3789,4057,2840,3433,3394,2969,10586
Kalgoorlie/Boulder (C),130,1703,1350,1200,1486,1798,1796,1503,1887,1747,2760,3034,3432,7288
Katanning (S),40,199,241,363,334,443,468,246,195,132,164,88,250,1024
Kellerberrin (S),16,56,73,158,142,114,106,61,44,33,34,31,66,258
Kent (S),23,24,24,37,34,41,65,29,41,34,9,12,15,119
Kojonup (S),14,106,107,193,168,238,194,149,125,69,71,48,81,423
Kondinin (S),14,41,64,69,66,118,81,68,44,40,78,69,102,192
Koorda (S),13,21,22,39,39,46,34,32,25,19,13,14,16,102
Kulin (S),23,35,51,72,54,89,76,70,46,35,25,18,29,201
Kwinana (T),139,1660,1511,2165,2066,2300,2086,2047,1993,1423,1397,1016,2733,6698
Lake Grace (S),56,53,63,74,98,135,134,104,102,71,52,38,71,295
Laverton (S),4,28,41,106,46,36,35,48,68,67,199,257,137,159
Leonora (S),11,80,31,61,54,76,65,66,112,158,367,433,598,405
Mandurah (C),354,4273,4152,7158,6565,7194,4848,3625,3294,2599,3760,3957,4973,13153
Manjimup (S),49,412,581,947,901,1033,863,610,512,310,318,206,474,1989
Meekatharra (S),3,62,49,101,63,47,69,64,65,82,123,137,253,257
Melville (C),416,7322,6260,6071,6291,7999,6443,5762,6268,4989,6916,10096,4666,16195
Menzies (S),3,16,58,72,44,27,20,6,12,8,15,7,19,77
Merredin (S),26,236,139,242,241,295,290,218,213,166,180,110,219,709
Mingenew (S),5,29,16,27,24,37,49,38,34,21,29,17,30,117
Moora (S),29,127,117,206,192,238,220,176,164,126,117,83,138,550
Morawa (S),11,68,44,57,58,75,60,52,45,39,45,38,60,224
Mosman Park (T),73,675,522,412,541,624,523,416,513,412,519,1242,644,1478
Mount Magnet (S),6,30,38,69,48,41,43,38,23,28,40,50,64,125
Mount Marshall (S),7,28,28,27,36,56,52,38,39,18,29,12,12,112
Mukinbudin (S),14,24,31,44,38,53,45,31,36,22,28,16,18,91
Mullewa (S),7,49,18,50,44,50,43,51,33,29,39,62,80,158
Mundaring (S),124,2206,2271,2507,2304,3111,2510,2206,2362,1795,2322,2435,3399,6966
Murchison (S),0,7,3,11,9,12,8,3,13,9,0,4,13,30
Murray (S),92,847,830,1468,1297,1445,905,717,638,493,796,814,1000,2800
Nannup (S),8,72,86,159,125,147,142,85,62,26,39,37,73,196
Narembeen (S),10,43,44,73,66,104,73,59,56,25,27,35,49,150
Narrogin (S),9,110,49,57,54,90,82,53,56,37,33,47,39,172
Narrogin (T),16,252,233,384,373,420,335,265,238,165,161,122,275,986
Nedlands (C),96,1798,1385,1007,1014,1386,956,890,1092,853,1302,3668,1061,4025
Ngaanyatjarraku (S),0,31,201,321,110,68,50,34,35,25,31,25,105,408
Northam (S),58,511,614,991,959,924,820,646,549,448,467,363,920,2295
Northampton (S),36,169,185,395,333,368,263,145,140,118,93,103,254,601
Nungarin (S),3,19,14,25,20,25,18,14,13,3,11,7,13,52
Peppermint Grove (S),10,173,92,46,39,72,56,59,73,60,87,339,142,296
Perenjori (S),12,42,35,32,35,59,47,32,43,45,90,221,84,125
Perth (C),111,1395,553,674,772,909,1064,1013,1230,1088,1591,2764,2685,861
Pingelly (S),7,51,51,134,172,140,89,59,46,38,39,19,60,252
Plantagenet (S),35,277,296,515,461,507,451,279,247,176,170,110,393,956
Port Hedland (T),59,719,348,324,376,420,487,544,771,744,1252,3074,2725,3206
Quairading (S),8,45,46,130,118,93,104,62,58,32,32,47,66,205
Ravensthorpe (S),25,115,95,142,127,149,134,105,121,95,163,230,162,478
Rockingham (C),492,6656,6012,7405,7265,8600,7010,6069,6610,5144,6739,6277,6128,23688
Roebourne (S),75,1015,594,407,392,643,667,714,1053,1154,2281,4935,4262,4703
Sandstone (S),0,8,6,8,6,13,7,3,4,3,5,4,22,9
Serpentine-Jarrahdale (S),98,1141,1050,1124,944,1436,1235,1084,1223,916,1125,1033,1162,4175
Shark Bay (S),10,37,56,78,64,104,89,57,58,32,55,24,56,145
South Perth (C),226,3147,2134,2402,2551,3106,2681,2445,2815,2370,2999,5110,2911,5841
Stirling (C),879,11526,10632,14113,14207,16587,14926,13048,14016,10534,13078,15622,13507,33030
Subiaco (C),65,1406,1034,1035,1034,1222,1039,931,1145,905,1323,2809,1208,2413
Swan (C),486,6679,6381,7341,6821,8602,8660,7839,7863,5606,6029,4899,6810,24452
Tammin (S),8,18,13,41,43,33,32,19,18,8,21,5,31,106
Three Springs (S),4,30,40,50,50,52,47,41,37,20,37,15,46,147
Toodyay (S),31,321,306,405,363,423,305,231,243,194,212,233,339,788
Trayning (S),3,19,11,43,33,33,44,25,22,12,4,8,21,70
Upper Gascoyne (S),4,17,23,27,17,16,9,7,8,3,9,3,31,70
Victoria Park (T),166,2345,1582,2084,2574,2675,2454,2216,2303,1806,2379,2625,2972,4264
Victoria Plains (S),14,44,46,83,75,83,69,67,56,44,35,24,59,203
Vincent (T),132,1568,1361,2034,1990,2317,2109,2036,2327,1849,2822,3854,2788,4359
Wagin (S),14,91,109,218,190,201,154,134,85,65,66,37,95,382
Wandering (S),4,28,33,26,19,25,37,38,30,23,31,27,29,88
Wanneroo (C),734,9757,8937,9774,8917,11903,11311,10140,10715,7841,8792,7546,8603,37116
Waroona (S),34,225,241,361,291,341,242,159,142,141,242,221,205,735
West Arthur (S),27,43,56,83,69,85,70,61,52,18,41,36,52,189
Westonia (S),0,16,9,16,21,37,12,14,23,13,25,33,7,46
Wickepin (S),12,30,38,85,65,62,84,49,35,26,19,15,53,173
Williams (S),10,36,38,67,65,116,96,85,70,35,29,28,53,189
Wiluna (S),3,25,19,110,30,39,26,25,48,65,159,340,142,118
Wongan-Ballidu (S),27,50,80,102,101,124,131,110,102,81,80,40,70,342
Woodanilling (S),0,17,25,26,33,48,37,20,25,21,18,13,21,112
Wyalkatchem (S),6,22,22,55,73,57,41,29,22,24,16,8,42,105
Wyndham-East Kimberley (S),26,314,258,614,342,430,571,518,549,399,517,542,822,1909
Yalgoo (S),0,7,3,11,26,21,12,9,13,39,57,87,66,56
Yilgarn (S),14,67,67,93,83,112,87,70,103,65,153,234,176,300
York (S),33,205,206,367,320,341,251,189,181,145,147,143,243,621
Unincorporated WA,0,3,0,3,4,12,15,16,26,19,67,195,60,0
No Usual Address (WA),46,639,415,798,656,650,521,405,402,298,365,505,987,602
Break O'Day (M),36,253,408,1099,899,783,465,310,207,107,134,87,372,1030
Brighton (M),63,594,878,1562,1476,1624,1423,1081,798,447,417,179,951,3971
Burnie (C),68,892,1319,2274,2063,2157,1681,1143,1052,707,700,376,1036,3860
Central Coast (M),87,985,1416,2584,2429,2396,1914,1298,1178,745,794,385,1118,4027
Central Highlands (M),21,100,146,343,294,237,187,129,89,51,48,27,161,420
Circular Head (M),27,449,453,741,749,856,854,577,447,246,221,158,395,1805
Clarence (C),157,2166,3013,4510,4915,5599,4933,3827,3520,2432,2830,1574,2657,9729
Derwent Valley (M),28,510,580,1274,1023,1138,864,633,510,262,267,108,547,1957
Devonport (C),89,993,1527,2928,2871,3007,2335,1564,1232,782,780,425,1291,4794
Dorset (M),35,292,485,973,845,816,643,395,281,176,135,82,325,1338
Flinders (M),8,29,52,93,105,90,80,70,36,15,22,24,42,109
George Town (M),27,311,445,929,764,678,541,347,294,208,249,90,364,1393
Glamorgan/Spring Bay (M),17,171,263,599,558,601,412,293,169,113,91,61,244,599
Glenorchy (C),134,1729,2638,4998,5129,5298,4519,3367,2770,1518,1297,489,2313,8439
Hobart (C),180,2994,2994,3651,3934,4894,3986,3475,3528,2716,3591,3001,2619,7157
Huon Valley (M),81,723,999,1863,1665,1831,1427,985,767,461,377,235,648,3066
Kentish (M),27,319,472,845,689,708,577,359,247,167,163,77,251,1188
King Island (M),9,84,55,118,138,192,216,124,117,75,78,39,90,244
Kingborough (M),104,1573,2200,2695,2750,3565,3079,2523,2365,1644,1925,1185,1261,7025
Latrobe (M),56,430,663,1159,1022,1184,924,745,535,344,351,191,400,1818
Launceston (C),195,2998,4226,7566,6418,7441,6159,4429,3679,2183,2361,1446,3221,11869
Meander Valley (M),79,915,1248,2141,1973,2267,1817,1299,1092,650,635,341,859,3578
Northern Midlands (M),50,583,827,1410,1250,1525,1182,884,663,394,347,223,554,2343
Sorell (M),47,550,795,1365,1331,1506,1385,998,806,518,440,196,653,2610
Southern Midlands (M),35,288,366,753,674,705,533,391,305,170,139,89,351,1251
Tasman (M),18,75,151,409,335,277,213,118,87,41,45,33,145,380
Waratah/Wynyard (M),54,631,989,1800,1610,1472,1166,788,777,480,481,244,651,2562
West Coast (M),25,258,273,535,508,373,283,230,226,220,316,194,286,961
West Tamar (M),64,1061,1476,2279,2005,2416,1941,1580,1276,882,1026,616,963,4233
Unincorporated Tas,0,0,6,10,0,0,11,12,9,12,19,12,16,3
No Usual Address (Tas.),11,68,102,200,157,94,92,45,41,27,23,21,89,101
Alice Springs (T),81,1046,1031,1133,1075,1512,1972,2162,2342,1660,1916,1195,2479,5569
Barkly (S),8,275,676,979,376,279,341,272,253,174,240,97,993,1865
Belyuen (S),0,6,8,51,34,11,0,0,0,0,3,0,5,53
Central Desert (S),3,118,437,812,178,136,135,87,88,71,90,136,343,1070
Coomalie (S),4,72,49,92,83,99,94,65,41,37,63,25,176,206
Darwin (C),290,3511,2628,2993,3287,4336,5418,6023,6522,5036,6253,4637,8087,13904
East Arnhem (S),3,453,1230,1962,761,486,342,159,178,96,117,64,381,2865
Katherine (T),47,346,368,665,449,559,697,654,727,570,615,281,910,2304
Litchfield (M),85,913,675,800,818,1164,1408,1569,1696,1207,1456,936,2237,4022
MacDonnell (S),7,219,918,804,317,283,206,140,128,81,76,38,1145,1484
Palmerston (C),89,1234,1003,960,1023,1464,1983,2261,2773,1968,2067,1212,2236,7425
Roper Gulf (S),16,271,681,1095,414,344,340,121,142,91,116,48,524,1922
Tiwi Islands (S),0,154,442,573,134,98,117,67,51,41,59,30,64,744
Victoria-Daly (S),3,382,853,793,304,388,327,183,162,101,113,55,271,1982
Wagait (S),5,17,9,29,34,21,25,30,35,21,38,34,29,47
West Arnhem (S),7,238,547,1131,399,469,299,209,205,143,209,191,377,1806
Unincorporated NT,26,334,277,197,229,394,534,466,465,381,753,871,1430,1731
No Usual Address (NT),18,163,88,210,160,200,177,129,115,53,74,70,271,145
Unincorporated ACT,998,18935,18973,17279,17549,24216,24810,23847,30620,26613,36595,33354,16516,66284
No Usual Address (ACT),7,51,65,63,43,55,29,46,42,40,33,39,59,57
Unincorp. Other Territories,12,131,68,137,114,147,183,166,223,153,166,110,895,495
No Usual Address (OT),0,0,0,0,0,0,0,4,3,3,13,0,3,0
,,,,,,,,,,,,,,
"Data Source: Census of Population and Housing, 2011, TableBuilder",,,,,,,,,,,,,,
,,,,,,,,,,,,,,
INFO,Cells in this table have been randomly adjusted to avoid the release of confidential data. No reliance should be placed on small cells.,,,,,,,,,,,,,
,,,,,,,,,,,,,,
,,,,,,,,,,,,,,
"Copyright Commonwealth of Australia, 2018, see abs.gov.au/copyright",,,,,,,,,,,,,,
"ABS data licensed under Creative Commons, see abs.gov.au/ccby",,,,,,,,,,,,,,
