Mortgage Repayments (monthly) Ranges (MRERD),lga,Nil repayments,$1-$149,$150-$299,$300-$449,$450-$599,$600-$799,$800-$999,"$1,000-$1,199","$1,200-$1,399","$1,400-$1,599","$1,600-$1,799","$1,800-$1,999","$2,000-$2,199","$2,200-$2,399","$2,400-$2,599","$2,600-$2,999","$3,000-$3,999","$4,000-$4,999",$5000 and over,Not stated,Not applicable,
,Albury (C),118,56,77,175,168,334,522,589,818,684,666,430,531,214,91,248,230,78,60,338,15175,
,Armidale Dumaresq (A),58,16,22,76,68,154,191,227,261,221,241,156,172,63,56,92,103,38,29,115,7885,
,Ashfield (A),92,34,36,55,53,104,131,189,218,190,287,252,481,200,183,351,653,296,247,203,13039,
,Auburn (C),174,48,55,122,96,198,250,385,445,461,604,420,859,375,345,586,901,310,163,363,17519,
,Ballina (A),119,44,49,109,92,178,250,310,369,278,349,263,418,169,135,284,355,110,77,243,13867,
,Balranald (A),15,0,8,15,15,22,28,26,23,15,6,3,7,0,0,3,4,0,3,18,875,
,Bankstown (C),398,118,166,286,300,499,686,948,1211,1142,1400,1112,2208,1013,884,1982,2500,689,422,1074,43700,
,Bathurst Regional (A),83,38,40,109,116,193,288,374,458,436,498,375,491,200,114,298,232,74,51,236,11183,
,Bega Valley (A),118,30,84,149,135,242,326,322,416,278,310,179,251,104,69,134,142,56,44,216,13247,
,Bellingen (A),41,3,23,70,49,97,114,130,131,123,114,58,105,40,16,49,50,16,24,63,4629,
,Berrigan (A),58,5,25,43,43,90,109,86,103,58,75,33,41,19,11,21,18,8,19,53,3140,
,Blacktown (C),621,257,256,486,502,1014,1349,1842,2439,2467,3215,2903,4873,2844,2163,4604,5433,1129,621,1927,59932,
,Bland (A),46,3,7,47,52,48,67,70,50,54,31,15,37,8,3,6,14,5,15,40,2280,
,Blayney (A),28,3,9,31,40,55,74,77,104,85,59,58,77,30,20,41,50,15,20,50,2119,
,Blue Mountains (C),205,109,147,258,250,466,528,701,808,752,1003,842,1279,667,492,1030,956,296,168,494,21913,
,Bogan (A),24,0,4,14,11,24,27,29,24,12,18,7,12,3,3,9,10,0,0,16,1162,
,Bombala (A),21,3,0,11,20,30,35,31,20,18,9,9,9,4,4,3,3,0,0,15,1145,
,Boorowa (A),18,4,3,19,11,25,22,17,25,16,15,11,15,3,3,6,12,3,3,26,1095,
,Botany Bay (C),99,21,21,46,58,78,110,135,192,209,288,188,389,195,190,428,876,386,208,264,11316,
,Bourke (A),13,0,5,14,15,32,33,23,12,8,5,0,10,3,3,4,3,0,3,19,1249,
,Brewarrina (A),3,0,7,15,9,9,3,4,0,0,0,0,3,0,0,0,3,0,3,0,727,
,Broken Hill (C),38,24,69,165,189,274,290,264,200,126,113,64,87,20,12,28,27,16,12,163,7432,
,Burwood (A),94,22,25,36,41,51,61,121,114,131,149,133,337,107,108,241,453,202,174,171,9163,
,Byron (A),114,36,52,123,100,156,211,234,244,212,220,163,278,124,101,219,281,92,117,204,11303,
,Cabonne (A),59,10,16,48,38,116,142,149,154,121,120,61,112,55,25,81,103,38,33,104,4008,
,Camden (A),119,42,53,110,84,175,244,352,443,467,622,639,1153,682,554,1272,1429,340,179,464,9919,
,Campbelltown (C) (NSW),309,109,180,322,317,667,940,1224,1546,1593,2073,1885,2529,1244,719,1521,1216,348,266,1023,31295,
,Canada Bay (A),229,70,61,108,92,147,176,316,293,288,314,290,714,310,465,780,1805,919,924,433,23420,
,Canterbury (C),268,89,91,225,214,372,515,749,980,854,1031,669,1307,499,548,1125,1825,612,378,793,38079,
,Carrathool (A),32,3,10,15,17,15,30,21,19,14,5,3,3,0,3,4,7,3,0,21,1130,
,Central Darling (A),20,4,4,7,8,7,3,3,4,0,0,0,0,0,0,0,0,0,3,11,1171,
,Cessnock (C),107,39,61,177,165,334,443,561,742,637,726,433,590,224,129,340,354,108,81,405,14341,
,Clarence Valley (A),178,35,121,252,212,393,515,522,603,528,490,270,373,134,70,192,170,59,66,262,18529,
,Cobar (A),20,0,8,18,9,32,43,56,41,41,39,19,31,4,6,17,24,7,5,21,2013,
,Coffs Harbour (C),173,68,113,244,197,423,529,580,693,591,711,550,724,310,192,446,369,128,104,402,23170,
,Conargo (A),41,0,3,6,6,10,11,5,6,10,11,9,3,3,3,5,7,4,4,21,594,
,Coolamon (A),27,5,12,19,26,45,51,53,37,28,32,25,31,16,4,17,10,5,6,32,1313,
,Cooma-Monaro (A),24,7,28,48,54,104,115,158,111,94,119,70,92,45,24,40,61,18,16,72,3652,
,Coonamble (A),32,0,8,27,26,54,31,35,22,11,15,8,4,4,0,3,11,3,11,30,1724,
,Cootamundra (A),23,7,15,39,51,92,110,97,106,63,47,26,40,9,10,17,17,3,5,47,2715,
,Corowa Shire (A),52,11,19,40,39,92,136,147,183,128,130,63,99,36,25,32,37,3,11,89,4262,
,Cowra (A),59,6,25,61,67,128,157,157,150,88,90,52,77,19,10,35,26,12,10,80,4604,
,Deniliquin (A),28,9,17,32,49,87,127,138,105,69,64,28,44,5,4,8,22,8,4,52,2661,
,Dubbo (C),89,29,35,103,110,276,409,503,646,519,555,353,388,168,103,250,181,72,40,268,10946,
,Dungog (A),30,3,13,33,40,71,79,82,94,70,87,58,94,45,16,64,89,27,28,84,2734,
,Eurobodalla (A),129,41,83,143,102,232,276,277,330,277,259,209,282,121,74,166,185,46,53,188,18957,
,Fairfield (C),468,108,149,404,319,616,907,1195,1461,1258,1571,1088,2196,901,659,1452,1574,445,300,1051,42108,
,Forbes (A),60,6,18,30,56,94,135,130,117,90,73,34,49,19,14,27,21,11,11,79,3148,
,Gilgandra (A),37,0,7,32,24,48,44,43,42,19,26,16,19,3,4,5,7,9,8,37,1558,
,Glen Innes Severn (A),41,3,20,48,54,82,120,109,97,58,54,24,34,9,7,14,23,13,17,57,3416,
,Gloucester (A),7,4,5,15,14,31,41,43,48,46,51,29,22,14,9,19,30,5,10,23,2088,
,Gosford (C),456,172,252,433,417,710,935,1133,1415,1378,1765,1598,2424,1307,904,1859,1968,601,481,1081,52521,
,Goulburn Mulwaree (A),73,20,38,91,85,188,256,298,363,346,362,198,292,129,84,200,171,50,37,184,9316,
,Great Lakes (A),127,36,65,140,110,197,238,290,289,247,258,198,248,89,72,161,144,49,42,224,17779,
,Greater Hume Shire (A),74,7,17,49,61,106,121,141,123,85,96,46,90,32,15,29,41,12,18,70,3194,
,Greater Taree (C),146,47,78,204,204,363,483,494,591,473,402,281,318,129,86,186,171,58,51,259,16769,
,Griffith (C),122,11,26,50,28,108,165,218,298,244,293,179,238,91,59,98,104,42,27,156,7456,
,Gundagai (A),23,0,7,11,15,37,48,43,51,23,32,24,17,4,7,14,5,4,3,19,1373,
,Gunnedah (A),56,4,20,35,43,99,128,139,143,120,103,57,80,18,20,57,39,12,16,85,3984,
,Guyra (A),34,0,11,25,28,42,49,45,66,24,33,7,17,8,3,9,9,4,6,27,1499,
,Gwydir (A),63,3,9,30,20,55,49,34,41,22,16,13,10,4,9,8,12,6,7,38,2243,
,Harden (A),21,0,10,27,28,37,50,46,43,15,22,15,19,3,3,0,10,6,3,20,1369,
,Hawkesbury (C),166,43,66,123,106,220,337,421,534,508,719,620,1042,517,383,881,1001,384,281,525,14522,
,Hay (A),16,8,4,20,23,41,33,41,28,23,6,8,9,4,0,6,4,0,7,28,1273,
,Holroyd (C),210,66,59,127,123,233,382,531,627,646,902,748,1290,629,586,1206,1391,364,214,522,25651,
,Hornsby (A),518,202,168,288,277,453,601,813,894,905,1056,841,1985,922,982,1908,4357,1800,1081,998,36128,
,Hunters Hill (A),67,3,9,13,14,23,15,58,38,46,33,22,111,25,60,67,197,164,376,94,3663,
,Hurstville (C),220,82,78,131,102,210,306,450,485,480,599,471,999,421,393,843,1390,531,325,459,21003,
,Inverell (A),94,18,19,92,76,160,200,194,221,145,145,93,80,35,31,50,31,19,14,99,5345,
,Jerilderie (A),21,0,5,11,6,13,17,9,9,3,4,5,3,0,4,0,4,0,4,20,661,
,Junee (A),35,3,5,32,24,51,75,84,75,44,49,20,32,10,11,27,17,6,5,48,1612,
,Kempsey (A),82,15,75,141,128,242,260,283,322,233,215,140,197,65,44,98,93,36,31,167,10572,
,Kiama (A),60,11,34,51,46,92,80,133,151,116,175,130,244,118,82,238,273,80,63,117,7127,
,Kogarah (C),168,65,43,90,100,132,181,268,279,288,381,325,728,303,274,515,962,509,467,345,14865,
,Ku-ring-gai (A),424,125,91,153,153,184,226,393,326,364,376,326,923,328,480,743,2269,1838,2676,729,26595,
,Kyogle (A),33,17,32,68,60,101,99,97,89,68,71,33,57,18,13,31,26,16,15,49,3400,
,Lachlan (A),73,3,8,39,38,55,72,62,47,22,32,4,18,4,8,7,10,9,9,50,2653,
,Lake Macquarie (C),556,175,268,525,506,1018,1393,1598,2023,1828,2297,1898,2785,1293,805,2008,1861,562,376,1224,53818,
,Lane Cove (A),113,22,25,44,42,55,77,133,98,120,162,162,297,195,191,306,624,410,711,201,9303,
,Leeton (A),48,7,9,38,46,93,130,166,138,100,114,64,78,39,12,25,39,9,10,81,3302,
,Leichhardt (A),147,54,49,108,67,122,146,236,202,213,243,225,478,182,243,491,1463,1030,1069,310,17656,
,Lismore (C),123,40,71,180,163,368,414,494,534,456,516,379,437,211,97,260,215,63,59,227,13230,
,Lithgow (C),54,18,32,65,58,123,240,237,287,207,206,136,189,62,45,146,124,43,26,144,7024,
,Liverpool (C),402,125,152,299,269,488,742,1061,1345,1343,1705,1336,2563,1299,1231,2665,2967,778,493,1251,36363,
,Liverpool Plains (A),38,6,18,44,26,80,77,69,76,41,51,26,27,20,10,24,13,11,17,61,2961,
,Lockhart (A),35,3,7,19,12,35,47,35,29,16,18,15,16,3,5,6,7,4,3,31,986,
,Maitland (C),172,58,93,197,169,338,507,600,833,819,1027,787,1149,538,282,669,648,177,112,434,16878,
,Manly (A),144,29,34,47,44,62,78,131,100,135,137,87,273,127,139,286,776,549,953,270,13929,
,Marrickville (A),159,70,48,102,93,202,240,342,383,422,521,450,816,449,420,891,1888,907,495,364,25363,
,Mid-Western Regional (A),82,10,51,96,79,123,180,170,249,157,214,158,229,84,65,136,153,42,42,144,8423,
,Moree Plains (A),71,10,13,28,44,82,111,110,130,89,93,55,72,31,19,37,30,18,16,89,5007,
,Mosman (A),101,30,17,25,28,40,47,73,73,88,78,65,223,81,97,161,362,272,836,175,10059,
,Murray (A),35,10,9,38,27,62,43,68,74,73,66,37,66,30,13,28,28,10,12,64,2692,
,Murrumbidgee (A),19,0,4,5,4,26,24,35,26,25,14,3,7,4,0,0,3,0,5,22,855,
,Muswellbrook (A),34,13,8,20,38,85,99,114,167,174,218,129,226,79,41,153,129,28,27,92,4853,
,Nambucca (A),54,24,52,86,95,172,184,172,195,148,162,95,115,45,24,64,35,17,24,103,7330,
,Narrabri (A),67,5,20,41,52,92,123,146,158,124,104,66,87,27,18,41,38,15,23,106,4598,
,Narrandera (A),37,8,7,43,41,72,101,86,71,35,28,14,24,3,7,11,3,4,11,51,2154,
,Narromine (A),53,4,17,31,30,67,75,83,79,43,47,24,32,8,7,8,14,5,14,49,2238,
,Newcastle (C),398,163,185,379,373,767,986,1142,1495,1402,1713,1519,2085,963,648,1406,1382,483,334,855,47261,
,North Sydney (A),173,52,33,77,62,94,140,209,210,225,287,257,529,251,326,525,1238,756,978,325,28183,
,Oberon (A),17,3,7,13,15,39,48,48,64,61,60,33,51,12,10,29,29,9,9,40,1959,
,Orange (C),88,23,23,84,93,203,300,373,448,400,494,349,443,205,110,279,250,84,45,211,11493,
,Palerang (A),41,13,19,48,32,73,106,106,128,136,150,99,218,94,88,227,357,140,84,85,3758,
,Parkes (A),60,3,27,65,62,129,141,182,179,135,131,84,122,39,26,66,45,18,15,82,4942,
,Parramatta (C),359,173,139,261,222,415,578,808,1028,1120,1459,1155,2097,1091,940,1885,2498,689,412,816,45417,
,Penrith (C),395,149,187,375,399,719,1078,1363,1762,1758,2225,2031,3331,1896,1240,2586,2188,572,420,1401,38764,
,Pittwater (A),206,51,46,96,88,140,173,241,245,254,277,216,493,231,269,509,1520,1046,996,478,15858,
,Port Macquarie-Hastings (A),171,64,100,236,185,390,511,595,672,656,694,588,742,367,255,546,489,146,117,377,26223,
,Port Stephens (A),185,51,103,190,162,350,432,476,716,587,739,515,727,347,250,521,548,158,113,367,23039,
,Queanbeyan (C),78,35,53,92,75,176,223,315,359,342,442,346,563,318,226,589,731,271,148,249,10499,
,Randwick (C),314,98,88,146,125,211,287,402,418,366,474,405,976,442,486,1024,2056,1165,1547,643,43883,
,Richmond Valley (A),73,17,50,102,76,186,236,250,305,203,214,118,183,68,30,82,95,18,31,141,7556,
,Rockdale (C),218,63,75,148,112,200,328,459,529,514,712,565,1196,561,526,992,1730,641,435,585,28290,
,Ryde (C),293,119,72,172,133,254,344,489,576,537,609,503,1092,523,543,956,2046,1036,744,551,30141,
,Shellharbour (C),133,52,69,160,154,288,435,490,620,570,753,641,1017,499,297,810,675,157,118,406,16155,
,Shoalhaven (C),332,99,168,331,273,556,746,834,991,835,970,640,910,363,225,453,469,187,137,581,41386,
,Singleton (A),45,25,19,42,40,80,118,150,218,220,276,206,401,155,124,297,351,83,62,166,5978,
,Snowy River (A),28,0,16,20,24,42,56,63,56,61,66,40,68,29,24,58,52,25,11,63,4547,
,Strathfield (A),119,29,24,45,19,55,94,122,144,157,223,200,443,194,156,294,463,226,358,207,9176,
,Sutherland Shire (A),572,207,201,378,371,671,840,1117,1262,1295,1581,1310,2757,1270,1226,3079,5872,2328,1558,1557,53333,
,Sydney (C),421,93,93,164,151,255,360,532,611,652,854,758,1670,863,958,1764,3231,1589,1574,696,77513,
,Tamworth Regional (A),190,36,76,190,204,402,584,627,809,655,698,429,490,195,125,305,269,73,84,373,17524,
,Temora (A),33,0,13,38,29,46,84,69,56,39,34,31,29,11,9,13,11,7,10,33,2151,
,Tenterfield (A),26,7,20,43,34,77,82,58,57,63,45,25,42,9,12,15,15,8,4,53,2897,
,The Hills Shire (A),612,168,171,315,263,415,572,856,973,936,1115,934,2225,1040,1221,2471,5440,2213,1579,1259,32433,
,Tumbarumba (A),27,0,5,17,6,32,36,32,36,21,22,10,16,7,5,15,13,3,6,23,1401,
,Tumut Shire (A),36,3,16,31,26,91,119,133,150,114,106,65,110,36,12,39,52,14,4,69,4171,
,Tweed (A),287,74,127,255,224,422,541,586,722,585,716,579,945,465,335,834,799,239,199,551,30672,
,Upper Hunter Shire (A),49,11,16,45,51,85,112,108,165,117,134,101,162,73,41,91,105,39,32,97,4876,
,Upper Lachlan Shire (A),43,8,10,24,20,65,57,85,77,53,63,51,65,29,21,51,44,17,10,51,3071,
,Uralla (A),27,0,10,37,32,65,73,79,86,48,54,40,56,13,15,24,17,12,16,34,1896,
,Urana (A),16,0,10,17,14,15,7,10,3,0,5,0,3,0,0,0,0,0,3,11,531,
,Wagga Wagga (C),158,48,73,158,169,322,531,625,820,779,867,553,692,246,169,324,357,112,88,382,17307,
,Wakool (A),36,3,5,19,35,38,50,31,29,17,15,9,20,3,3,12,9,3,4,29,1768,
,Walcha (A),25,3,6,16,6,36,33,21,30,17,19,7,9,9,10,10,10,3,3,19,1294,
,Walgett (A),41,7,10,33,26,42,44,27,29,9,11,6,12,3,0,0,3,8,16,30,3515,
,Warren (A),23,0,9,10,20,36,36,15,25,10,13,8,9,0,7,4,4,0,0,14,1208,
,Warringah (A),389,140,129,211,190,355,415,588,634,685,803,692,1575,774,823,1696,3673,2238,1845,1004,37151,
,Warrumbungle Shire (A),60,10,22,66,59,105,96,84,60,36,35,19,40,11,7,13,25,9,18,66,3960,
,Waverley (A),175,39,27,66,53,88,125,176,183,170,181,151,411,183,220,427,1054,639,1184,421,24869,
,Weddin (A),25,3,16,28,29,31,47,37,21,12,17,9,19,0,4,3,4,3,7,29,1496,
,Wellington (A),52,7,17,29,46,70,88,76,77,58,55,30,49,14,10,25,18,10,9,63,2995,
,Wentworth (A),43,3,10,37,42,79,81,79,96,52,52,33,44,17,13,9,30,12,16,68,2309,
,Willoughby (C),237,72,42,85,64,102,140,238,189,231,247,197,612,248,299,496,1210,854,1322,392,20781,
,Wingecarribee (A),174,33,67,102,104,194,282,337,432,366,480,372,606,296,188,416,514,209,193,323,14677,
,Wollondilly (A),116,33,51,105,89,181,248,345,368,379,516,427,788,377,302,692,939,373,194,420,8545,
,Wollongong (C),402,162,204,437,364,732,1021,1207,1603,1553,1834,1486,2491,1219,856,2232,2480,646,468,1019,58013,
,Woollahra (A),251,33,28,45,35,53,70,125,111,128,146,89,324,104,148,269,651,505,1288,403,21092,
,Wyong (A),378,120,163,392,363,693,950,1202,1587,1588,2020,1707,2127,1047,647,1389,1105,303,228,1092,46559,
,Yass Valley (A),51,16,10,44,40,59,82,140,139,153,165,110,241,92,92,220,309,110,66,99,3865,
,Young (A),49,5,20,55,51,90,128,173,175,111,122,59,73,18,14,45,41,13,4,68,4214,
,Unincorporated NSW,22,3,0,4,5,9,5,4,0,3,0,3,7,3,0,4,0,3,4,8,608,
,Alpine (S),40,15,33,55,73,101,140,154,131,131,117,56,80,22,17,60,54,19,18,76,5550,
,Ararat (RC),31,6,24,88,74,141,193,157,147,80,67,39,51,14,6,23,24,7,8,79,3959,
,Ballarat (C),207,86,189,434,390,847,1022,1374,1636,1341,1227,719,833,309,172,366,352,120,75,527,28247,
,Banyule (C),344,156,170,333,308,592,736,957,948,1041,1098,939,1601,769,625,1236,1547,542,397,770,33085,
,Bass Coast (S),96,35,67,137,124,236,287,315,336,287,309,177,233,95,74,114,113,46,33,222,20843,
,Baw Baw (S),138,46,86,188,210,345,501,611,656,561,601,350,426,189,101,246,236,80,71,339,12731,
,Bayside (C),370,111,87,193,146,253,315,455,454,468,456,372,972,379,423,691,1681,1059,1420,726,26930,
,Benalla (RC),58,13,37,71,89,135,193,205,201,162,121,71,92,35,14,51,32,18,15,108,4921,
,Boroondara (C),645,197,167,298,246,399,500,729,707,716,699,552,1467,478,610,925,2414,1647,2340,1052,48360,
,Brimbank (C),493,199,252,562,554,944,1228,1718,1984,1866,1983,1381,2319,842,650,1063,1140,338,212,1305,44376,
,Buloke (S),39,0,29,73,68,103,75,55,38,22,25,6,7,4,0,0,4,4,0,47,2687,
,Campaspe (S),163,29,73,134,174,393,446,502,521,383,376,230,289,109,59,126,134,40,52,314,11827,
,Cardinia (S),170,67,110,268,223,454,576,791,1120,1046,1393,1105,1466,711,418,809,784,217,110,697,15604,
,Casey (C),652,264,355,790,793,1567,2142,2835,3719,3771,4544,3563,4947,2485,1669,2950,2461,617,401,2295,44592,
,Central Goldfields (S),40,10,57,119,90,225,233,178,158,66,66,35,35,8,10,10,17,7,3,94,4857,
,Colac-Otway (S),91,16,57,95,120,200,247,285,309,230,199,113,139,49,38,72,49,31,24,147,8796,
,Corangamite (S),127,10,51,88,103,182,212,182,173,97,101,56,79,27,26,43,33,26,49,141,5877,
,Darebin (C),311,152,154,301,305,487,718,880,935,1026,1091,847,1540,643,621,1062,1600,590,381,801,44066,
,East Gippsland (S),153,47,101,240,223,371,460,478,544,411,381,213,301,110,64,134,141,45,40,276,18009,
,Frankston (C),345,147,230,444,448,889,1190,1454,1786,1749,2163,1610,1963,936,646,1109,986,272,173,1127,33651,
,Gannawarra (S),51,6,36,75,68,132,135,129,108,63,47,25,37,16,13,17,18,9,14,64,4162,
,Glen Eira (C),445,149,155,289,282,465,588,803,830,822,849,598,1476,694,676,1073,2292,1099,864,940,40856,
,Glenelg (S),64,30,63,129,143,251,302,272,265,230,174,109,160,43,25,90,59,26,29,135,6956,
,Golden Plains (S),54,25,60,97,108,185,224,289,334,293,335,231,257,119,68,151,132,32,19,208,4099,
,Greater Bendigo (C),273,126,245,571,489,973,1220,1507,1691,1455,1397,796,905,313,156,373,346,97,77,621,30019,
,Greater Dandenong (C),346,142,212,356,389,711,890,1117,1207,1186,1286,898,1369,527,403,586,677,209,151,817,36599,
,Greater Geelong (C),583,265,387,822,753,1543,1985,2416,2838,2541,2737,1939,2621,1004,639,1256,1304,401,282,1501,67937,
,Greater Shepparton (C),175,56,101,239,222,462,726,863,954,721,780,443,511,174,106,263,211,69,65,431,17718,
,Hepburn (S),52,23,41,109,88,179,190,201,241,180,158,89,120,36,20,58,52,13,15,115,6121,
,Hindmarsh (S),34,5,24,59,70,89,87,67,34,16,14,7,14,3,0,5,9,7,3,23,2473,
,Hobsons Bay (C),198,115,115,250,215,400,556,682,805,686,804,563,1036,412,379,737,1022,411,249,566,25193,
,Horsham (RC),78,12,39,87,110,246,288,350,341,226,204,96,108,50,26,58,42,13,11,97,6412,
,Hume (C),428,149,248,508,516,949,1285,1694,2216,2329,2608,2007,2858,1252,805,1452,1312,358,288,1453,32877,
,Indigo (S),57,12,45,71,81,143,166,214,240,210,207,125,160,65,34,80,86,40,15,114,4471,
,Kingston (C),418,159,217,421,396,711,939,1149,1259,1293,1420,1146,2086,992,912,1661,2351,708,374,1085,40146,
,Knox (C),449,213,265,586,538,989,1291,1604,1919,1775,2043,1659,2548,1226,926,1697,1689,436,244,1310,32756,
,Latrobe (C),154,94,187,444,417,885,1228,1204,1146,760,716,455,652,201,101,239,242,62,51,542,22705,
,Loddon (S),36,10,54,79,80,107,107,63,46,26,32,4,24,6,0,0,11,3,6,56,3405,
,Macedon Ranges (S),145,37,88,172,184,273,400,483,550,500,610,449,670,299,241,437,509,158,106,383,10354,
,Manningham (C),430,144,138,276,266,364,493,680,694,680,656,546,1204,507,527,945,1830,791,603,859,29981,
,Mansfield (S),28,5,16,43,35,80,103,107,87,70,81,48,71,35,16,25,32,7,9,75,4571,
,Maribyrnong (C),159,61,89,164,143,265,363,466,609,545,592,488,859,418,387,779,1219,373,204,395,22533,
,Maroondah (C),286,141,204,394,330,679,873,1093,1201,1256,1404,1136,1662,864,680,1190,1209,279,162,861,26025,
,Melbourne (C),284,56,53,81,95,152,222,349,407,462,501,446,831,364,394,653,1108,468,496,369,45634,
,Melton (S),261,114,139,302,337,649,941,1305,1671,1782,1996,1523,2318,1084,768,1414,1137,283,211,1060,19453,
,Mildura (RC),141,34,94,212,239,474,758,835,874,655,560,322,316,121,56,147,127,37,36,385,16346,
,Mitchell (S),105,29,57,135,121,246,373,447,512,464,582,390,511,210,137,280,257,70,52,347,8527,
,Moira (S),159,27,62,148,124,278,387,373,403,260,272,139,193,83,36,89,97,28,44,255,9786,
,Monash (C),572,201,227,370,366,602,757,977,1034,1048,1061,896,1774,779,789,1286,2351,878,531,980,48145,
,Moonee Valley (C),275,97,117,261,203,361,530,660,686,681,776,549,1204,516,493,906,1531,722,531,764,34245,
,Moorabool (S),76,29,66,138,128,198,319,399,469,474,455,339,413,178,100,229,208,56,54,264,6991,
,Moreland (C),298,143,159,318,329,544,762,1023,1086,1040,1213,975,1787,800,742,1291,1901,538,317,883,47212,
,Mornington Peninsula (S),497,180,284,507,501,883,1098,1376,1565,1461,1755,1249,1903,859,646,1237,1608,547,450,1287,63732,
,Mount Alexander (S),70,33,59,97,113,199,238,265,283,211,186,89,113,60,24,58,65,19,21,123,6480,
,Moyne (S),91,19,36,86,73,119,193,178,188,140,121,100,115,50,30,57,81,35,47,131,5707,
,Murrindindi (S),49,16,33,53,57,99,147,171,200,167,155,99,133,59,36,95,79,16,18,104,5459,
,Nillumbik (S),206,102,104,237,168,327,463,577,622,614,710,525,1034,460,435,831,1128,383,249,548,11300,
,Northern Grampians (S),44,16,45,96,108,206,231,168,140,68,66,29,46,10,10,29,17,6,17,84,4727,
,Port Phillip (C),306,99,77,144,135,251,322,454,496,542,566,489,983,444,441,724,1541,821,984,487,42113,
,Pyrenees (S),33,7,35,55,60,100,89,79,74,45,42,31,24,11,4,8,11,7,11,51,2761,
,Queenscliffe (B),11,0,0,11,7,13,19,21,25,13,20,7,13,9,8,8,22,8,5,17,2532,
,South Gippsland (S),116,19,65,176,136,264,333,359,362,284,266,155,258,91,71,135,113,44,59,250,11572,
,Southern Grampians (S),78,28,55,99,95,188,236,218,208,135,97,55,75,27,29,37,29,22,25,103,6099,
,Stonnington (C),350,82,68,137,117,205,263,399,399,399,428,293,786,319,383,556,1263,814,1354,587,37926,
,Strathbogie (S),34,15,22,69,72,94,131,132,118,81,81,40,56,12,10,20,34,13,14,76,3933,
,Surf Coast (S),89,27,38,95,85,154,176,229,262,226,237,178,314,146,167,292,334,116,71,181,13254,
,Swan Hill (RC),82,18,44,86,91,213,277,285,259,164,187,73,113,40,22,44,44,24,18,122,6958,
,Towong (S),34,3,11,36,40,87,74,66,63,46,54,16,44,14,13,19,21,8,9,38,2335,
,Wangaratta (RC),69,27,57,128,139,300,362,392,464,362,321,175,227,70,41,96,99,41,22,225,8806,
,Warrnambool (C),73,34,34,102,106,217,291,349,399,398,402,274,305,114,68,144,122,41,42,177,10289,
,Wellington (S),190,49,128,252,202,434,551,584,567,408,444,249,350,103,60,141,164,59,64,334,15681,
,West Wimmera (S),52,0,21,47,41,49,50,28,18,10,10,0,15,0,3,3,4,0,3,40,1907,
,Whitehorse (C),520,231,177,410,343,656,844,1097,1161,1092,1180,929,1871,790,801,1416,2317,776,529,861,43597,
,Whittlesea (C),291,128,188,428,397,707,1048,1294,1610,1605,2049,1743,2935,1504,1025,1779,1506,402,247,1283,32916,
,Wodonga (RC),56,29,78,132,119,256,366,453,596,522,546,363,395,135,95,198,149,46,28,220,9967,
,Wyndham (C),357,139,212,405,391,819,1083,1644,2282,2437,2922,2383,3283,1701,1199,1834,1663,420,290,1294,32458,
,Yarra (C),170,90,73,128,108,190,232,324,353,361,393,321,720,284,370,581,1256,666,515,342,29456,
,Yarra Ranges (S),454,200,309,625,613,1144,1486,1925,2145,2066,2254,1785,2401,1235,809,1597,1422,381,280,1437,32000,
,Yarriambiack (S),37,5,42,87,99,121,73,50,46,18,12,3,14,3,0,8,3,4,0,40,2949,
,Unincorporated Vic,3,0,0,0,0,3,3,3,3,7,4,0,7,0,3,6,6,4,3,5,1597,
,Aurukun (S),0,0,0,0,0,0,0,0,0,0,0,0,0,0,0,0,0,0,0,0,272,
,Balonne (S),44,3,9,9,13,27,38,35,44,41,21,9,25,9,6,11,15,3,10,37,1977,
,Banana (S),94,7,9,40,50,67,75,103,120,127,140,90,129,49,37,95,74,31,24,123,5366,
,Barcaldine (R),40,0,11,24,18,26,17,26,16,10,12,4,6,0,8,9,3,4,13,19,1629,
,Barcoo (S),9,0,0,0,4,0,0,0,3,0,0,0,0,0,0,0,0,0,0,5,258,
,Blackall Tambo (R),16,0,3,13,16,20,27,20,16,9,8,6,4,0,0,5,0,5,13,19,1036,
,Boulia (S),0,0,0,0,3,0,0,0,0,0,0,0,0,0,0,0,0,0,0,0,235,
,Brisbane (C),2832,1144,1139,2254,2086,3706,5110,6435,7402,7283,8707,7268,13034,6785,6065,12618,17852,6395,4975,6082,298396,
,Bulloo (S),3,0,3,5,3,3,0,0,0,0,0,0,0,0,0,3,0,3,0,0,235,
,Bundaberg (R),257,72,206,418,382,713,821,921,1071,910,961,610,712,300,189,421,349,117,96,602,30946,
,Burdekin (S),99,12,19,69,79,124,171,210,192,117,155,80,120,32,26,49,64,15,20,118,6312,
,Burke (S),0,0,0,0,0,0,4,0,0,3,0,0,0,0,0,0,0,0,0,0,359,
,Cairns (R),344,120,176,372,371,712,1176,1392,1781,1597,1880,1423,2045,985,611,1480,1351,383,285,1000,51641,
,Carpentaria (S),7,0,0,7,9,9,9,10,10,3,0,0,5,0,0,0,3,0,6,13,1321,
,Cassowary Coast (R),91,17,41,104,93,203,223,251,295,201,243,147,222,66,42,109,113,36,42,206,10938,
,Central Highlands (R),103,12,20,36,44,82,84,112,158,141,208,191,280,190,134,280,287,75,65,184,10760,
,Charters Towers (R),69,3,10,46,42,80,101,135,107,108,105,78,74,46,26,43,55,10,22,107,4316,
,Cherbourg (S),0,0,0,0,0,0,0,0,0,0,0,0,0,0,0,0,0,0,0,0,272,
,Cloncurry (S),10,0,3,3,6,7,6,14,11,19,12,7,11,8,0,4,10,3,3,19,1341,
,Cook (S),12,8,5,16,7,25,28,32,20,19,18,8,15,3,3,11,8,0,0,25,2051,
,Croydon (S),3,0,0,0,0,0,0,0,0,0,0,0,0,0,0,0,0,0,0,3,198,
,Diamantina (S),0,0,0,0,0,3,0,0,0,0,0,0,0,0,0,0,0,0,0,0,230,
,Doomadgee (S),0,0,8,7,3,0,0,0,0,0,0,0,0,0,0,0,0,0,0,0,269,
,Etheridge (S),6,3,3,4,5,8,6,9,0,0,0,0,7,0,3,0,0,0,0,13,689,
,Flinders (S),22,0,0,15,12,27,16,17,10,5,0,0,3,0,3,0,6,0,3,16,855,
,Fraser Coast (R),268,71,210,425,377,714,823,893,999,840,959,632,796,348,201,463,375,105,75,626,34862,
,Gladstone (R),127,50,64,131,134,254,341,418,515,471,597,482,879,462,366,794,935,231,112,478,17218,
,Gold Coast (C),1427,389,590,1126,900,1745,2473,2943,3835,3488,4688,3795,6337,3450,2838,6482,8062,2571,2146,3870,158180,
,Goondiwindi (R),76,6,5,29,33,62,97,103,122,89,76,52,58,24,22,40,42,16,18,79,3766,
,Gympie (R),161,53,112,244,208,395,454,460,568,434,480,361,409,165,132,231,192,39,57,367,16234,
,Hinchinbrook (S),58,3,13,50,40,96,80,94,101,70,71,44,56,18,13,33,29,10,4,73,4715,
,Hope Vale (S),0,0,0,0,0,0,0,0,0,0,0,0,0,0,0,0,0,0,0,0,257,
,Ipswich (C),293,149,241,463,442,918,1146,1356,1807,1801,2225,1790,2211,1143,750,1578,1331,287,184,1021,42002,
,Isaac (R),83,12,16,24,18,36,39,43,61,60,54,56,92,44,37,97,106,31,26,91,9099,
,Kowanyama (S),0,0,0,0,0,0,0,0,0,0,0,0,0,0,0,0,0,0,0,0,273,
,Lockhart River (S),0,0,0,0,0,0,0,0,0,0,0,0,0,0,0,0,0,0,0,0,163,
,Lockyer Valley (R),83,26,62,170,167,259,346,355,421,356,438,341,442,186,110,223,193,46,36,281,9035,
,Logan (C),576,281,375,782,724,1491,1946,2398,3158,2920,3677,3023,4402,2261,1578,3374,2826,671,396,2297,61403,
,Longreach (R),30,0,10,10,7,30,34,46,46,36,41,19,30,7,3,11,15,4,3,22,1964,
,Mackay (R),319,55,111,215,220,421,613,736,859,718,1015,825,1490,829,651,1785,1925,486,263,939,31184,
,McKinlay (S),14,0,0,4,3,0,4,6,4,3,0,0,3,0,0,0,0,0,3,7,440,
,Mapoon (S),0,0,0,0,0,0,0,0,0,0,0,0,0,0,0,0,0,0,0,0,96,
,Maranoa (R),112,4,12,34,42,79,91,107,108,109,119,74,92,32,24,39,67,27,27,90,4901,
,Moreton Bay (R),898,424,659,1152,988,1899,2430,3055,3565,3476,4402,3786,5663,3280,2421,5052,5071,1311,737,2665,95857,
,Mornington (S),0,0,0,0,0,0,0,0,0,0,0,0,0,0,0,0,0,0,0,0,329,
,Mount Isa (C),45,10,15,20,32,60,111,121,142,131,164,178,310,155,113,208,198,54,29,116,6656,
,Murweh (S),27,3,14,26,28,45,60,55,48,29,33,10,21,5,3,12,9,3,12,41,1858,
,Napranum (S),0,0,0,0,0,0,0,0,0,0,0,0,0,0,0,0,0,0,0,0,208,
,North Burnett (R),85,0,18,61,61,95,90,104,70,66,41,29,38,10,18,16,27,8,22,82,4537,
,Northern Peninsula Area (R),0,0,0,0,0,0,0,0,0,0,0,0,0,0,0,0,0,0,0,0,812,
,Palm Island (S),0,0,0,0,0,0,0,0,0,0,0,0,0,0,0,0,0,0,0,0,433,
,Paroo (S),26,4,6,19,17,9,11,7,3,4,3,0,0,0,3,0,0,3,3,10,991,
,Pormpuraaw (S),0,0,0,0,0,0,0,0,0,0,0,0,0,0,0,0,0,0,0,0,198,
,Quilpie (S),14,0,0,13,12,4,11,3,3,3,4,3,0,0,0,0,0,0,4,3,590,
,Redland (C),398,140,206,381,401,684,889,1056,1261,1203,1439,1107,1980,1151,897,2152,2513,618,433,1066,35485,
,Richmond (S),18,0,0,4,3,6,8,10,3,0,0,0,3,0,0,0,0,0,0,3,413,
,Rockhampton (R),297,61,127,308,336,657,874,905,1160,1023,1199,921,1298,571,344,916,935,247,146,778,34118,
,Scenic Rim (R),119,29,58,138,97,228,294,336,388,360,424,313,452,191,162,382,393,119,88,311,10971,
,Somerset (R),78,25,48,110,89,195,248,244,245,223,210,210,266,136,58,181,132,35,26,161,6612,
,South Burnett (R),135,36,99,175,174,281,348,395,343,306,279,162,213,90,54,100,99,31,48,233,11065,
,Southern Downs (R),128,25,68,135,153,291,384,391,445,304,340,189,263,94,38,118,104,43,44,220,11862,
,Sunshine Coast (R),1075,315,455,934,778,1498,1960,2338,2652,2402,2886,2356,3608,1993,1706,3504,3830,1197,930,2271,103765,
,Tablelands (R),167,26,63,160,160,280,326,396,401,352,354,218,324,158,101,237,234,60,63,311,15988,
,Toowoomba (R),481,143,240,533,452,984,1304,1605,1890,1787,1918,1263,1544,710,413,902,835,257,208,923,44823,
,Torres (S),3,0,0,3,0,3,4,10,3,0,4,0,7,0,0,3,3,0,5,5,1092,
,Torres Strait Island (R),0,0,0,0,0,0,0,0,0,0,0,0,0,0,0,0,0,0,0,0,1230,
,Townsville (C),409,122,236,408,342,871,1121,1411,1649,1557,1902,1608,2532,1321,848,1986,1898,494,382,1136,50727,
,Weipa (T),3,0,0,0,0,3,5,12,15,18,22,20,50,14,24,28,37,8,9,27,1109,
,Western Downs (R),220,15,46,111,105,234,234,293,309,255,229,164,228,99,64,141,155,39,51,218,11078,
,Whitsunday (R),86,27,26,74,77,142,201,214,255,226,247,172,344,148,106,305,305,82,68,234,12636,
,Winton (S),17,0,6,10,7,13,14,14,8,3,5,0,5,0,0,4,0,3,7,15,861,
,Woorabinda (S),0,0,0,0,0,0,0,0,0,0,0,0,0,0,0,0,0,0,0,0,274,
,Wujal Wujal (S),0,0,0,0,0,0,0,0,0,0,0,0,0,0,0,0,0,0,0,0,81,
,Yarrabah (S),0,0,0,0,0,0,0,0,0,0,0,0,0,0,0,0,0,0,0,0,445,
,Unincorporated Qld,0,0,0,0,0,0,0,0,0,0,0,0,0,0,0,0,0,0,0,0,93,
,Adelaide (C),54,12,16,34,20,49,73,83,92,100,113,70,145,54,54,110,140,71,75,60,9431,
,Adelaide Hills (DC),166,65,84,173,166,303,385,496,466,443,448,358,569,235,253,435,581,222,181,283,8965,
,Alexandrina (DC),103,27,66,151,140,211,249,293,323,294,281,201,261,103,73,117,142,49,37,170,10921,
,Anangu Pitjantjatjara (AC),0,0,0,0,0,0,0,0,0,0,0,0,0,0,0,0,0,0,0,0,854,
,Barossa (DC),83,27,73,128,89,203,267,316,355,325,370,233,280,134,92,138,123,32,24,139,6288,
,Barunga West (DC),7,6,17,16,26,19,26,19,14,12,10,4,6,4,3,0,0,3,3,12,1652,
,Berri and Barmera (DC),47,12,20,62,78,133,161,179,141,108,76,59,58,14,5,26,26,12,12,72,3786,
,Burnside (C),194,43,61,111,100,189,202,304,301,271,289,199,466,166,188,307,681,359,387,247,13888,
,Campbelltown (C) (SA),146,54,117,177,167,330,372,433,467,408,420,338,550,237,181,402,407,108,72,277,15066,
,Ceduna (DC),15,0,0,11,17,32,35,37,34,17,32,9,21,3,3,10,11,0,3,22,1448,
,Charles Sturt (C),286,119,160,378,343,650,795,936,1030,877,1020,749,1241,536,389,900,988,265,213,560,35527,
,Clare and Gilbert Valleys (DC),37,12,25,56,56,106,115,125,118,94,102,51,61,21,17,35,42,11,13,45,3107,
,Cleve (DC),30,3,8,15,21,29,22,17,7,6,6,0,5,3,3,0,5,0,3,11,812,
,Coober Pedy (DC),11,0,8,19,20,13,15,7,6,7,6,7,0,0,0,0,0,0,3,9,1120,
,Copper Coast (DC),30,6,46,103,87,147,178,168,141,120,98,86,72,33,11,30,30,7,7,77,6626,
,Elliston (DC),12,0,3,7,4,17,5,11,3,6,3,3,0,0,3,0,5,3,4,4,748,
,Flinders Ranges (DC),9,3,9,15,25,33,18,26,18,12,21,9,17,7,0,6,4,3,0,17,733,
,Franklin Harbour (DC),10,0,0,11,4,16,9,11,13,11,13,0,3,0,4,3,7,0,0,4,703,
,Gawler (T),50,18,49,125,101,201,263,306,336,309,331,230,251,95,54,122,87,21,21,139,6028,
,Goyder (DC),31,5,21,47,45,61,53,64,44,31,22,12,22,7,0,8,7,4,4,34,1702,
,Grant (DC),43,9,14,40,52,85,124,91,145,84,105,46,85,26,15,43,37,12,9,86,2511,
,Holdfast Bay (C),117,51,64,130,107,190,233,268,270,217,271,204,408,154,148,300,420,193,137,188,13556,
,Kangaroo Island (DC),27,3,11,33,23,62,48,54,45,43,39,30,34,7,5,15,20,3,10,27,2538,
,Karoonda East Murray (DC),11,0,5,6,7,18,19,9,0,0,3,0,0,4,0,0,0,0,3,5,485,
,Kimba (DC),17,0,4,6,5,14,9,4,8,0,0,0,0,0,0,0,0,0,0,4,471,
,Kingston (DC),15,0,5,13,14,20,15,30,18,21,16,9,6,7,5,3,9,0,3,20,1350,
,Light (RegC),48,23,34,79,93,157,185,225,242,219,233,143,198,86,63,143,90,26,26,129,2867,
,Lower Eyre Peninsula (DC),41,4,6,37,26,61,62,56,75,40,53,25,40,17,12,24,30,9,5,34,1800,
,Loxton Waikerie (DC),49,5,33,83,102,141,189,163,144,109,84,50,61,22,12,16,29,3,7,72,4122,
,Mallala (DC),22,4,20,69,69,114,136,172,161,140,151,93,119,61,36,75,54,8,6,83,1726,
,Maralinga Tjarutja (AC),0,0,0,0,0,0,0,0,0,0,0,0,0,0,0,0,0,0,0,0,42,
,Marion (C),226,87,214,384,413,673,809,933,1024,945,1081,861,1215,635,385,896,685,169,121,508,25239,
,Mid Murray (DC),35,8,36,72,82,110,121,118,109,73,57,32,40,11,16,19,19,7,3,64,5097,
,Mitcham (C),216,105,117,255,220,421,531,635,654,597,660,546,840,436,346,690,896,319,235,352,17130,
,Mount Barker (DC),99,32,74,134,154,270,344,381,434,413,487,344,484,252,148,323,287,103,63,193,7170,
,Mount Gambier (C),60,19,41,114,142,299,425,491,532,375,336,155,168,47,27,62,60,21,22,142,8131,
,Mount Remarkable (DC),15,3,8,23,24,40,42,28,35,16,15,4,7,8,3,10,5,3,3,15,1291,
,Murray Bridge (RC),72,12,51,115,102,212,242,253,263,207,211,117,100,37,14,53,30,23,6,125,6624,
,Naracoorte and Lucindale (DC),65,8,12,41,57,104,111,132,140,81,69,31,36,8,3,17,11,11,5,71,2783,
,Northern Areas (DC),26,4,29,61,50,73,66,64,63,32,24,9,27,3,0,3,6,4,3,34,1714,
,Norwood Payneham St Peters (C),121,35,49,86,87,168,217,274,305,244,253,200,354,151,147,282,401,194,184,167,13326,
,Onkaparinga (C),450,243,528,995,950,1743,2132,2347,2729,2552,2745,2000,2303,1080,607,1151,907,236,151,1083,40995,
,Orroroo/Carrieton (DC),6,0,6,3,11,14,13,5,4,7,0,0,0,3,0,0,3,0,0,0,436,
,Peterborough (DC),8,6,30,48,38,35,18,17,6,3,0,3,3,0,0,0,0,0,0,11,854,
,Playford (C),118,73,185,488,460,927,1128,1252,1350,1195,1221,798,752,308,156,282,227,80,60,504,20821,
,Port Adelaide Enfield (C),290,103,211,446,469,797,953,1135,1314,1206,1308,1076,1365,671,434,912,817,205,119,551,36010,
,Port Augusta (C),35,6,25,64,71,171,161,196,172,165,125,63,86,31,10,56,43,12,10,76,5050,
,Port Lincoln (C),27,8,20,47,59,138,150,182,240,163,154,123,124,41,26,74,44,11,12,67,4856,
,Port Pirie City and Dists (M),38,18,52,181,173,255,292,271,255,165,114,83,103,31,13,38,38,5,10,85,5968,
,Prospect (C),55,24,30,73,69,109,151,194,194,168,203,143,236,105,95,193,303,115,64,120,6130,
,Renmark Paringa (DC),39,5,29,55,60,128,137,160,132,85,84,34,62,11,10,23,26,7,9,66,3165,
,Robe (DC),12,0,5,10,3,11,10,10,17,13,14,7,3,3,6,3,9,0,3,12,1264,
,Roxby Downs (M),6,3,0,4,0,11,10,16,14,14,32,14,28,27,39,49,52,10,8,10,1303,
,Salisbury (C),341,119,312,719,725,1373,1617,1982,2186,2092,2279,1456,1611,661,325,671,604,138,126,883,31946,
,Southern Mallee (DC),19,0,14,30,21,38,33,15,7,14,3,0,3,0,0,3,0,5,3,10,892,
,Streaky Bay (DC),5,0,9,15,13,18,9,15,27,12,10,14,11,3,5,0,3,3,0,5,1077,
,Tatiara (DC),69,3,11,37,54,88,138,91,79,42,56,17,26,13,12,9,21,5,17,37,2302,
,Tea Tree Gully (C),293,138,244,516,465,934,1160,1324,1505,1446,1489,1201,1559,742,385,857,665,181,123,665,23102,
,The Coorong (DC),51,3,18,52,55,68,81,75,52,31,25,4,18,3,4,11,13,3,10,36,2350,
,Tumby Bay (DC),16,0,4,8,13,31,21,28,19,12,17,14,17,5,3,10,5,0,3,20,1281,
,Unley (C),146,50,60,126,112,186,219,258,308,293,277,213,392,154,153,331,584,273,253,196,12237,
,Victor Harbor (C),50,27,28,71,72,105,135,123,129,111,140,66,95,36,27,53,56,16,15,60,7027,
,Wakefield (DC),28,6,26,81,56,106,112,119,74,49,63,29,22,9,4,10,8,10,3,43,2342,
,Walkerville (M),38,4,5,21,18,31,26,41,34,32,33,24,59,31,17,44,85,56,59,47,2512,
,Wattle Range (DC),62,8,40,123,101,238,228,187,160,97,101,53,62,26,10,26,26,11,16,69,4192,
,West Torrens (C),120,59,84,187,183,313,426,491,547,494,530,407,611,285,237,456,546,126,87,275,19512,
,Whyalla (C),36,25,37,157,147,267,342,362,332,278,233,166,207,74,34,110,80,17,13,134,7658,
,Wudinna (DC),13,0,3,10,11,16,10,8,4,3,3,0,3,0,0,0,0,0,3,4,545,
,Yankalilla (DC),34,7,22,34,38,45,48,68,58,39,56,31,38,17,8,19,24,3,4,30,2973,
,Yorke Peninsula (DC),47,13,40,76,79,116,101,104,112,63,66,31,39,15,8,8,17,3,9,56,8508,
,Unincorporated SA,23,3,7,14,9,12,17,14,10,0,6,3,10,3,3,3,3,3,0,14,3020,
,Albany (C),121,24,33,122,120,188,257,312,350,277,326,217,339,170,125,246,244,79,70,206,11852,
,Armadale (C),142,60,111,253,241,462,553,645,761,723,884,743,1026,581,454,973,978,300,159,487,14521,
,Ashburton (S),11,4,17,0,0,3,3,4,3,6,3,4,6,0,5,0,3,5,0,8,3319,
,Augusta-Margaret River (S),36,12,8,36,31,62,71,97,109,89,115,76,126,59,54,114,135,37,40,82,5455,
,Bassendean (T),47,28,39,47,51,111,103,134,162,142,148,112,230,112,88,212,227,46,45,104,4213,
,Bayswater (C),201,70,84,179,160,340,368,488,549,506,555,450,834,384,347,713,1053,316,201,371,19688,
,Belmont (C),103,27,58,74,75,148,209,237,289,248,281,248,428,198,204,474,512,162,94,214,11830,
,Beverley (S),14,0,3,15,10,22,16,14,16,12,11,9,7,0,4,3,6,4,0,11,760,
,Boddington (S),3,0,0,4,3,11,9,19,12,17,10,5,14,11,3,22,21,9,3,5,634,
,Boyup Brook (S),22,0,3,5,5,16,23,17,10,9,5,4,4,5,4,4,9,4,4,13,637,
,Bridgetown-Greenbushes (S),29,3,13,14,30,43,41,46,53,42,39,24,45,21,17,39,37,9,5,33,1622,
,Brookton (S),10,0,3,3,0,7,8,8,4,5,5,3,3,0,0,6,0,0,0,10,429,
,Broome (S),28,3,4,16,14,21,28,39,50,44,35,42,96,30,30,103,218,107,71,81,6723,
,Broomehill-Tambellup (S),11,3,4,5,3,14,5,6,13,3,0,3,0,4,0,0,3,0,3,5,436,
,Bruce Rock (S),3,0,3,12,8,7,3,8,3,4,0,0,0,0,0,0,0,0,0,6,450,
,Bunbury (C),79,27,45,100,89,193,253,310,354,290,380,271,408,156,105,284,241,82,59,189,10893,
,Busselton (S),122,23,32,71,88,133,187,223,259,236,262,198,327,186,159,302,348,123,106,202,12317,
,Cambridge (T),120,25,25,39,45,78,82,130,106,123,118,98,246,78,89,154,444,330,533,172,7234,
,Canning (C),293,96,116,243,222,415,531,703,710,703,751,591,1084,504,505,971,1231,361,274,491,22778,
,Capel (S),35,19,23,42,40,72,92,125,143,156,165,174,256,143,100,252,232,61,30,107,3174,
,Carnamah (S),10,0,5,4,4,9,6,3,0,4,3,0,0,0,0,0,0,0,0,11,226,
,Carnarvon (S),25,6,5,18,14,30,45,29,36,33,33,17,43,22,10,18,28,9,19,45,3284,
,Chapman Valley (S),8,3,3,0,0,12,4,14,6,15,8,7,12,6,9,16,14,4,5,12,406,
,Chittering (S),15,0,4,13,12,30,35,29,44,41,55,41,64,35,31,72,114,46,24,39,1145,
,Claremont (T),56,7,9,17,15,12,24,35,34,43,23,25,56,13,25,41,103,94,211,54,3519,
,Cockburn (C),251,92,122,288,264,504,607,858,955,853,1085,826,1439,819,698,1697,2029,509,306,698,20735,
,Collie (S),23,8,14,44,43,98,78,87,119,106,122,76,123,49,25,78,72,26,9,92,2666,
,Coolgardie (S),4,3,5,10,26,37,55,66,74,32,36,22,27,9,4,6,17,3,3,29,1280,
,Coorow (S),12,0,4,8,5,3,3,3,3,4,9,3,9,4,0,0,4,0,0,3,802,
,Corrigin (S),15,0,0,15,3,16,4,8,9,3,3,3,6,3,0,5,0,0,0,7,549,
,Cottesloe (T),52,0,8,11,11,12,14,36,18,19,32,14,41,12,15,27,75,67,200,48,2810,
,Cranbrook (S),14,0,3,4,9,11,12,6,9,3,4,3,3,3,0,0,0,0,4,11,437,
,Cuballing (S),5,0,0,5,9,16,13,13,13,9,12,3,6,4,0,0,5,0,0,11,310,
,Cue (S),6,0,3,0,0,0,0,0,0,0,0,0,0,0,0,0,0,0,0,0,206,
,Cunderdin (S),12,0,7,3,9,10,19,9,15,3,5,3,6,3,3,0,8,0,0,4,498,
,Dalwallinu (S),6,0,3,9,7,15,9,16,9,4,0,3,3,0,3,3,0,0,0,11,580,
,Dandaragan (S),24,0,0,4,8,15,26,14,24,17,14,9,20,3,13,14,21,12,12,20,2563,
,Dardanup (S),35,12,14,27,29,77,91,145,154,148,158,126,228,104,95,208,141,44,25,80,3017,
,Denmark (S),33,10,6,26,10,33,41,33,43,34,31,23,45,26,16,30,28,11,8,29,2695,
,Derby-West Kimberley (S),10,0,3,5,6,16,11,20,11,20,12,11,20,12,3,12,17,9,9,14,2902,
,Donnybrook-Balingup (S),18,3,5,32,27,39,68,57,95,54,54,40,57,26,28,42,44,18,13,37,1712,
,Dowerin (S),10,0,0,3,4,9,8,0,0,0,4,3,4,0,0,0,3,0,0,0,326,
,Dumbleyung (S),3,0,3,4,4,3,5,3,3,3,5,0,0,0,0,0,0,0,3,4,326,
,Dundas (S),3,0,3,7,6,11,4,3,4,0,3,0,0,0,0,0,0,0,0,3,649,
,East Fremantle (T),29,4,11,18,18,31,27,50,41,42,49,16,76,27,27,65,145,78,121,51,2149,
,East Pilbara (S),4,0,47,80,21,12,4,4,3,0,0,3,3,0,0,0,3,3,3,9,2713,
,Esperance (S),78,7,19,34,41,67,98,114,119,111,95,76,117,65,35,82,85,35,27,96,5074,
,Exmouth (S),10,3,0,0,3,15,10,23,16,9,18,14,19,11,3,27,48,15,5,13,1844,
,Fremantle (C),93,29,39,73,54,118,130,180,178,173,185,158,246,134,134,279,466,223,208,158,10286,
,Geraldton-Greenough (C),103,25,50,114,125,244,289,323,384,343,374,266,444,189,130,326,370,94,57,235,11230,
,Gingin (S),26,4,16,27,16,22,37,55,34,35,42,32,48,16,19,25,71,16,13,39,3052,
,Gnowangerup (S),16,0,9,14,6,22,7,14,12,7,3,0,3,0,0,0,3,0,0,6,594,
,Goomalling (S),7,0,5,3,8,7,10,8,10,3,9,0,3,3,0,4,4,0,4,5,411,
,Gosnells (C),279,97,196,356,344,725,984,1128,1380,1224,1434,1068,1780,926,763,1596,1486,379,228,750,23253,
,Halls Creek (S),0,4,3,0,0,0,0,3,3,3,0,3,3,0,0,0,0,3,0,3,1273,
,Harvey (S),76,22,28,77,78,121,169,202,245,222,276,213,341,210,148,343,291,68,58,168,6331,
,Irwin (S),19,0,3,6,10,15,29,40,28,27,28,19,39,15,12,23,28,18,4,32,1493,
,Jerramungup (S),21,3,3,7,3,7,3,8,15,5,3,0,8,0,0,0,0,0,3,9,784,
,Joondalup (C),577,208,280,521,479,991,1170,1452,1479,1504,1606,1190,2175,1093,1013,2215,3349,1185,816,1248,34002,
,Kalamunda (S),183,57,79,176,138,304,410,541,575,572,638,439,842,419,405,852,1006,306,189,421,12635,
,Kalgoorlie/Boulder (C),58,18,10,52,55,115,155,249,319,329,352,301,501,235,181,399,423,126,60,218,8466,
,Katanning (S),16,3,16,20,38,54,51,42,35,35,33,15,23,5,3,15,11,4,4,30,1432,
,Kellerberrin (S),8,0,5,11,8,22,3,12,12,3,5,3,0,0,0,0,0,0,8,3,461,
,Kent (S),14,0,0,6,4,3,3,0,3,0,0,0,3,0,0,0,0,0,0,0,279,
,Kojonup (S),26,0,0,6,15,17,20,15,12,6,6,4,4,0,3,7,7,0,9,6,858,
,Kondinin (S),18,0,0,0,3,13,7,11,7,3,5,0,0,0,0,0,0,0,0,3,444,
,Koorda (S),7,0,0,8,5,0,4,0,0,0,0,0,3,0,0,0,0,0,0,0,238,
,Kulin (S),18,0,4,4,3,7,3,6,0,0,5,0,3,0,0,0,0,0,0,4,384,
,Kwinana (T),62,16,54,134,102,199,261,316,381,440,454,395,560,356,219,419,278,82,62,199,6506,
,Lake Grace (S),19,0,7,3,8,7,10,11,11,0,3,0,0,0,0,0,0,0,3,11,662,
,Laverton (S),0,0,0,0,3,0,4,0,0,0,5,0,0,0,0,0,0,0,0,4,379,
,Leonora (S),4,0,0,4,3,6,4,4,0,0,0,0,0,0,0,0,0,0,0,0,702,
,Mandurah (C),220,63,107,197,180,322,387,492,566,526,587,510,878,491,391,825,842,271,199,465,26902,
,Manjimup (S),35,9,33,28,37,86,97,89,93,85,85,69,78,33,16,24,56,21,12,51,3922,
,Meekatharra (S),5,0,0,3,4,0,0,0,0,0,0,0,3,0,0,0,0,0,0,3,496,
,Melville (C),411,106,129,228,233,369,438,623,630,629,626,506,1040,428,462,874,1792,818,733,571,28468,
,Menzies (S),0,0,0,0,0,0,0,0,0,0,0,0,0,0,0,0,0,0,0,0,168,
,Merredin (S),16,0,3,16,21,46,39,59,38,32,25,10,20,6,3,9,15,3,5,18,1244,
,Mingenew (S),3,0,0,3,0,3,3,0,3,0,0,0,0,0,0,0,0,0,0,7,221,
,Moora (S),28,0,12,18,14,29,34,25,26,17,13,16,10,5,8,9,3,3,3,8,817,
,Morawa (S),3,4,0,10,10,9,5,9,4,3,0,0,3,0,0,0,0,0,3,3,359,
,Mosman Park (T),42,9,8,18,7,12,28,26,45,43,30,34,67,25,28,31,98,75,198,70,3103,
,Mount Magnet (S),0,0,3,5,0,3,3,0,0,0,0,0,0,0,0,0,3,0,0,0,333,
,Mount Marshall (S),8,0,0,4,4,4,0,3,3,0,0,0,0,0,0,0,3,0,0,3,318,
,Mukinbudin (S),11,0,0,6,3,6,3,4,6,0,0,3,0,0,0,0,0,0,0,3,250,
,Mullewa (S),10,0,3,6,0,8,6,4,0,0,0,0,0,0,0,0,0,0,0,0,360,
,Mundaring (S),146,45,81,155,128,226,308,384,426,358,389,292,556,223,218,477,664,218,146,309,8102,
,Murchison (S),3,0,0,0,0,0,0,0,0,0,0,0,0,0,0,0,0,0,3,0,64,
,Murray (S),53,24,24,67,36,58,97,119,117,102,147,114,166,85,79,179,187,79,58,133,4820,
,Nannup (S),3,0,3,9,3,11,10,15,11,8,17,3,11,3,0,6,5,0,5,8,725,
,Narembeen (S),17,0,0,6,4,11,4,4,0,4,4,0,0,0,0,0,0,0,0,3,380,
,Narrogin (S),6,0,0,3,3,3,6,11,6,0,7,3,9,3,3,4,10,0,3,5,279,
,Narrogin (T),13,9,9,30,19,50,49,52,51,36,41,26,37,7,6,11,6,0,4,22,1482,
,Nedlands (C),108,36,12,26,18,55,48,81,58,64,50,43,138,35,50,77,252,203,494,159,6053,
,Ngaanyatjarraku (S),0,0,0,0,0,0,0,0,0,0,0,0,0,0,0,0,0,0,0,0,524,
,Northam (S),36,3,36,58,69,116,122,125,144,95,107,65,115,45,35,67,68,19,18,73,3363,
,Northampton (S),30,4,5,7,12,26,14,21,16,20,25,11,16,14,11,14,29,9,4,27,2367,
,Nungarin (S),0,0,0,0,0,0,0,0,0,3,0,0,0,0,0,0,0,0,0,3,108,
,Peppermint Grove (S),11,0,0,0,3,0,0,0,6,3,4,4,12,0,3,4,6,10,42,13,460,
,Perenjori (S),7,0,3,3,4,3,8,5,0,0,0,0,0,0,0,0,0,0,0,5,252,
,Perth (C),37,3,9,13,11,27,39,54,61,67,85,71,151,97,102,174,277,122,130,54,9388,
,Pingelly (S),3,0,3,14,5,9,11,15,7,7,4,9,0,3,0,0,7,0,3,5,503,
,Plantagenet (S),35,3,17,31,17,48,59,58,59,23,39,37,27,20,4,18,17,9,4,24,1841,
,Port Hedland (T),17,0,12,19,11,12,22,37,33,19,20,32,42,24,28,39,95,91,76,46,5395,
,Quairading (S),16,0,0,9,3,14,5,7,6,6,0,0,3,0,3,5,3,0,3,5,473,
,Ravensthorpe (S),21,0,4,5,8,6,11,13,7,9,7,8,12,3,0,0,7,0,4,14,1238,
,Rockingham (C),267,92,163,295,250,561,673,868,1089,1095,1216,1034,1745,1072,898,1808,1644,386,249,734,26312,
,Roebourne (S),36,4,11,9,7,18,25,24,23,25,26,17,46,26,32,49,150,112,134,51,7703,
,Sandstone (S),0,0,0,0,0,0,0,0,3,0,0,0,0,0,0,0,0,0,0,4,87,
,Serpentine-Jarrahdale (S),61,11,28,45,30,75,111,138,171,168,225,182,348,191,186,355,410,167,76,169,3296,
,Shark Bay (S),3,3,0,0,0,4,3,3,3,3,3,6,3,0,3,3,3,6,0,9,936,
,South Perth (C),156,29,52,78,72,112,148,214,220,221,261,191,401,155,168,297,638,396,450,235,15298,
,Stirling (C),687,217,291,516,482,873,1116,1351,1516,1431,1618,1254,2339,1070,1109,2004,3271,1491,1293,1150,64485,
,Subiaco (C),77,10,17,34,30,54,50,72,74,70,63,47,138,53,52,92,230,170,197,81,7531,
,Swan (C),289,103,149,364,322,694,876,1114,1270,1307,1403,1077,1820,1041,884,1944,2004,502,345,883,23126,
,Tammin (S),4,0,4,3,0,4,6,3,0,0,0,0,3,0,0,0,0,0,0,3,162,
,Three Springs (S),7,0,0,10,5,3,3,3,0,0,0,0,0,0,0,0,0,0,0,4,306,
,Toodyay (S),22,7,9,26,20,43,43,59,45,53,47,33,51,37,19,44,69,15,9,48,1585,
,Trayning (S),4,0,3,3,3,4,0,0,0,0,0,0,0,0,0,0,0,0,0,8,208,
,Upper Gascoyne (S),0,0,0,0,0,3,0,0,0,0,0,0,0,0,0,0,0,0,0,0,130,
,Victoria Park (T),96,28,21,64,54,105,128,215,242,215,255,163,347,202,188,389,616,206,134,136,11973,
,Victoria Plains (S),16,0,5,3,4,5,3,9,0,0,0,0,3,0,0,0,0,0,0,9,447,
,Vincent (T),109,28,32,55,55,105,151,204,159,208,217,150,376,134,178,309,634,398,283,159,11470,
,Wagin (S),18,0,9,19,18,26,27,27,15,5,16,4,6,6,4,10,9,0,4,12,724,
,Wandering (S),3,0,0,0,0,0,4,3,0,0,3,3,5,0,0,0,7,0,3,4,222,
,Wanneroo (C),385,139,220,428,377,829,1036,1291,1607,1677,1949,1555,2641,1584,1577,3399,3576,879,510,1199,29492,
,Waroona (S),22,3,13,16,15,28,30,36,44,36,43,31,34,21,15,26,39,11,8,21,1378,
,West Arthur (S),17,0,3,0,4,9,11,6,4,3,0,0,0,0,0,4,3,0,0,4,417,
,Westonia (S),0,0,0,3,0,0,0,0,0,3,3,0,0,0,0,0,0,0,0,0,155,
,Wickepin (S),11,0,0,0,4,13,3,5,3,3,0,0,3,0,0,0,0,0,0,7,366,
,Williams (S),18,0,0,3,7,8,6,7,3,7,11,4,3,0,0,4,3,0,0,5,365,
,Wiluna (S),0,0,0,3,0,0,0,0,0,0,0,0,0,0,0,0,0,0,0,0,233,
,Wongan-Ballidu (S),13,0,5,12,15,16,19,16,22,3,8,3,6,0,0,0,4,0,0,5,624,
,Woodanilling (S),6,0,3,0,4,3,8,3,0,0,0,0,3,3,0,0,0,0,0,4,165,
,Wyalkatchem (S),5,0,0,4,3,5,11,3,3,0,0,0,0,0,0,0,0,0,0,0,291,
,Wyndham-East Kimberley (S),16,4,3,11,4,14,21,31,31,17,26,14,33,15,15,32,59,22,23,35,3790,
,Yalgoo (S),0,0,0,0,0,0,0,0,0,0,0,0,0,0,0,0,3,0,0,0,91,
,Yilgarn (S),4,0,0,4,10,9,15,13,10,8,4,4,3,0,0,0,0,3,3,7,716,
,York (S),18,3,11,23,10,26,39,34,34,33,38,18,35,20,11,31,27,10,9,23,1356,
,Unincorporated WA,0,0,0,0,0,0,0,0,0,0,0,0,0,0,0,0,0,0,0,0,141,
,Break O'Day (M),26,5,18,60,41,68,75,73,58,32,35,22,31,6,3,11,9,5,3,36,3733,
,Brighton (M),33,11,41,86,89,179,233,246,265,208,216,163,172,71,25,78,56,17,14,92,3657,
,Burnie (C),44,18,63,130,126,229,276,359,290,247,176,88,119,36,27,60,50,8,12,102,6187,
,Central Coast (M),61,22,68,151,139,240,290,316,345,254,245,130,173,49,25,67,67,23,33,121,6646,
,Central Highlands (M),16,3,10,23,29,26,22,36,27,17,10,5,3,4,0,4,3,0,0,13,2420,
,Circular Head (M),34,10,15,39,68,112,120,136,126,92,76,41,64,18,12,15,22,9,11,62,2749,
,Clarence (C),129,76,172,268,258,487,615,754,713,618,742,523,627,269,179,379,354,114,69,281,14752,
,Derwent Valley (M),25,10,33,78,81,117,136,202,183,135,106,52,70,29,10,34,24,8,11,77,2826,
,Devonport (C),47,25,62,118,127,259,329,371,412,315,273,136,151,50,22,65,64,13,9,117,8106,
,Dorset (M),40,11,30,67,46,101,101,84,78,51,43,22,25,6,4,19,16,6,5,56,2955,
,Flinders (M),7,0,3,3,8,10,3,10,9,0,3,0,3,0,0,0,4,0,0,7,596,
,George Town (M),24,10,20,51,48,70,78,96,88,77,40,29,45,11,9,23,13,4,8,50,2725,
,Glamorgan/Spring Bay (M),21,6,8,30,31,36,46,44,34,30,31,11,16,0,3,12,6,9,7,17,3570,
,Glenorchy (C),95,50,124,231,248,449,547,605,806,768,663,399,400,149,59,155,110,33,31,260,14267,
,Hobart (C),134,73,109,166,162,309,363,389,428,436,454,337,554,247,165,369,469,177,149,223,17545,
,Huon Valley (M),50,28,59,123,119,214,211,235,267,180,180,104,125,44,29,59,55,12,10,123,5207,
,Kentish (M),20,6,34,55,48,85,70,103,79,59,63,40,42,19,10,15,12,0,14,44,1866,
,King Island (M),10,0,3,8,13,17,18,22,16,10,3,3,9,3,0,3,3,3,3,9,725,
,Kingborough (M),105,45,91,190,162,298,325,418,438,453,470,351,483,185,114,265,252,72,49,178,9934,
,Latrobe (M),38,12,32,64,53,113,103,118,145,98,119,79,88,30,17,36,29,11,11,75,3400,
,Launceston (C),129,61,162,327,306,654,820,918,1015,871,773,458,518,146,95,242,213,76,56,361,20998,
,Meander Valley (M),85,19,48,118,108,190,266,293,294,239,216,157,173,64,36,100,83,18,20,122,5694,
,Northern Midlands (M),60,11,25,85,71,124,142,179,193,146,140,97,92,27,15,43,42,21,7,89,4135,
,Sorell (M),42,15,37,104,117,183,246,252,281,181,206,134,165,59,41,82,53,14,12,108,4259,
,Southern Midlands (M),22,10,27,65,49,98,93,103,105,78,82,49,45,17,4,20,18,6,4,55,1750,
,Tasman (M),3,4,12,19,20,38,38,21,14,17,20,4,9,0,0,11,3,3,8,22,2089,
,Waratah/Wynyard (M),43,15,55,70,90,162,200,224,201,156,139,69,92,37,16,35,40,14,12,77,4510,
,West Coast (M),4,4,32,50,46,96,63,52,31,23,13,4,13,3,3,5,5,0,0,24,2737,
,West Tamar (M),56,34,61,142,131,232,276,300,330,302,306,186,219,85,50,115,123,27,24,120,6805,
,Unincorporated Tas,0,0,0,0,0,0,0,0,0,0,0,0,0,0,0,0,0,0,0,0,15,
,Alice Springs (T),37,10,25,38,45,85,133,192,284,217,273,257,367,176,112,295,327,79,53,169,7915,
,Barkly (S),15,3,0,15,11,28,22,27,16,9,10,0,6,0,0,0,0,3,0,11,2282,
,Belyuen (S),0,0,0,0,0,0,0,0,0,0,0,0,0,0,0,0,0,0,0,0,35,
,Central Desert (S),8,0,0,0,0,0,0,0,0,0,0,0,0,0,0,0,0,0,0,0,1082,
,Coomalie (S),6,0,3,3,3,3,12,10,11,8,10,4,5,0,3,4,5,3,3,6,679,
,Darwin (C),121,41,84,107,93,218,268,434,504,449,610,423,737,360,295,811,1136,387,283,399,22838,
,East Arnhem (S),0,3,0,0,0,0,0,0,0,0,0,0,0,0,0,0,0,0,0,0,1533,
,Katherine (T),16,0,3,11,17,26,40,49,80,66,95,65,68,26,17,42,44,16,12,43,3136,
,Litchfield (M),47,4,19,54,38,72,95,149,165,132,232,163,259,113,80,281,463,171,112,177,4703,
,MacDonnell (S),3,0,3,0,0,3,0,0,0,0,0,0,0,0,0,0,0,0,0,0,1832,
,Palmerston (C),30,14,17,38,39,83,135,176,204,212,269,240,396,205,173,516,596,168,62,171,6630,
,Roper Gulf (S),5,3,7,3,3,5,3,6,3,0,0,3,3,0,0,0,3,0,4,8,2062,
,Tiwi Islands (S),0,0,0,0,0,0,0,0,0,0,0,0,0,0,0,0,0,0,0,0,669,
,Victoria-Daly (S),9,0,0,0,4,0,5,3,3,0,0,0,0,0,0,0,0,0,0,8,1854,
,Wagait (S),0,0,0,0,0,3,8,4,15,3,0,4,4,5,0,9,12,4,3,3,155,
,West Arnhem (S),0,3,0,0,0,0,4,0,3,0,0,0,0,0,0,0,0,0,0,0,1884,
,Unincorporated NT,3,3,0,12,9,6,8,8,13,11,7,12,16,7,8,9,12,3,0,14,3655,
,Unincorporated ACT,835,483,543,864,780,1454,1934,2494,2586,2718,3437,3170,5425,3138,2390,5734,7199,2326,1448,1694,94819,
,Unincorp. Other Territories,5,0,3,0,0,3,3,4,3,3,7,8,4,0,0,3,4,3,0,3,876,
,,,,,,,,,,,,,,,,,,,,,,,
,,,,,,,,,,,,,,,,,,,,,,,
